af_ui_strings_glossary_october_2014_x86_x64_5643761.zip,"UI Strings Glossary October 2014 (x86 and x64) - (Afrikaans)",9892b6401d0bc0d611c6fd204f81e306179fbd1f
am_ui_strings_glossary_october_2014_x86_x64_5643761.zip,"UI Strings Glossary October 2014 (x86 and x64) - (Amharic)",3f4842cd3920e7edb0e51ba8c51f53229166d020
ar_.net_framework_3.0_redistributable.exe,".NET Framework 3.0 Redistributable Package (Arabic)",a566bcd2ffffc3842a95adc57f7df3f8cd11577f
ar_.net_framework_4_client_profile_x86_langpack_539367.exe,".NET Framework 4 Client Profile (x86) LangPack - (Arabic)",cd6a4861297026d98b01cf6f1b41897b9108db75
ar_.net_framework_4_client_profile_x86_x64_langpack_539367.exe,".NET Framework 4 Client Profile (x86 and x64) LangPack - (Arabic)",92644ec039be5f2b19e672547d648ca8d904e358
ar_.net_framework_4_full_x86_langpack_539402.exe,".NET Framework 4 Full (x86) LangPack - (Arabic)",653f1b133d63d5f2665ea541412ac3dc2fad7bbc
ar_.net_framework_4_full_x86_x64_langpack_539402.exe,".NET Framework 4 Full (x86 and x64) LangPack - (Arabic)",d023c51a2cda85ed61e7379032afcffbec114f40
ar_.net_framework_4.5_language_pack_r2_x86_x64_1076152.exe,".NET Framework 4.5 Language Pack (x86 and x64) - (Arabic)",adf831e455529e4f4f3baef3f81f38a02d6ce2e8
ar_.net_fx_4_5_1_lp_windows_vistasp2_windows_7sp1_windows_8_windows_server_2008sp2_windows_server_2008r2sp1_windows_server_2012_x86_x64_3009854.exe,".NET Framework 4.5.1 Language Pack - Windows Vista SP2, Windows 7 SP1, Windows 8, Windows Server 2008 SP2, Windows Server 2008 R2 SP1, Windows Server 2012 (x86 and x64) - (Arabic)",5b31b2ae06cabb57b94174a531fa6ddbcb2ed15a
ar_2007_microsoft_office_suite_service_pack_2_x86.exe,"2007 Microsoft Office Suite Service Pack 2 (x86) - (Arabic)",4167562024c33dd9f54238cdef9c93b68425864c
ar_2007_office_servers_service_pack_2_x64.exe,"Office Servers 2007 Service Pack 2 (x64) - (Arabic)",1f4a1559aeba2ab77222a6142c47b43d03d54122
ar_2007_office_servers_service_pack_2_x86.exe,"Office Servers 2007 Service Pack 2 (x86) - (Arabic)",1f4a1559aeba2ab77222a6142c47b43d03d54122
ar_access_2010_x64_514925.exe,"Access 2010 (x64) - (Arabic)",d88a6b4f5f5d312bc8a44288e829e0a9e904608e
ar_access_2010_x86_514920.exe,"Access 2010 (x86) - (Arabic)",4828a188b4e9b684eea443096bc9ad4005a776f1
ar_access_2010_x86_x64_dvd_514923.iso,"Access 2010 (x86 and x64) - DVD (Arabic)",7cc873efa995ec12c513ec180895c3a3aaf29ca8
ar_access_2013_x64_1140620.exe,"Access 2013 (x64) - (Arabic)",46dcf623b98af7b0f02cf929e4cdd1a6ea5ce4c2
ar_access_2013_x86_1140618.exe,"Access 2013 (x86) - (Arabic)",86d3b97795c33525a7210039d381e772238587ea
ar_access_2013_x86_x64_dvd_1140622.iso,"Access 2013 (x86 and x64) - DVD (Arabic)",6af81d13cdccc9914e0a736d06e61c5a5842d1ab
ar_bg_da_el_et_fi_he_hr_lt_lv_no_ro_sk_sl_sr_th_uk_windows_server_2008_with_sp2_global_language_pack_x64_dvd_x15-51206.iso,"Windows Server 2008 with Service Pack 2 Global Language Pack (x64) - DVD (Multiple Languages)",318d5b60cb76b9db9eedeb1524834298db24f9d8
ar_bg_da_el_et_fi_he_hr_lt_lv_no_ro_sk_sl_sr_th_uk_windows_server_2008_with_sp2_global_language_pack_x86_dvd_x15-51205.iso,"Windows Server 2008 with Service Pack 2 Global Language Pack (x86) - DVD (Multiple Languages)",87c89870b43ea8c15d6f7bc0238589202a97a0f4
ar_business_contact_manager_for_outlook_2010_x64_509999.exe,"Business Contact Manager for Outlook 2010 (x64) - (Arabic)",0872cb8267c48a2bc0c0673ca88c38e87732ca19
ar_business_contact_manager_for_outlook_2010_x86_509998.exe,"Business Contact Manager for Outlook 2010 (x86) - (Arabic)",75b60b34554ec02131866551260a198cb95cebc2
ar_business_contact_manager_for_outlook_2010_x86_x64_dvd_517461.iso,"Business Contact Manager for Outlook 2010 (x86 and x64) - DVD (Arabic)",acfe03d599e7847516dca083fdd9e4b72c499881
ar_captions_language_interface_pack_for_microsoft_visual_studio_2010_x86.msi,"Captions Language Interface Pack for Microsoft Visual Studio 2010 (x86) - (Arabic)",aa6191c2d7e94cc989aaeb33dcdd930676112e02
ar_da_fi_office_xp_multi_cd5.exe,"Office XP Multilingual User Interface Pack Disk 5",5cd3634230febbb760270d1bd5ff3fe272644321
ar_duet_enterprise_2.0_for_microsoft_sharepoint_and_sap_client_x64_dvd_1142328.iso,"DUET Enterprise 2.0 for Microsoft SharePoint and SAP Client (x64) - DVD (Arabic)",cff5a8fc30243491677c21b391c2d89cb8123a9e
ar_duet_enterprise_2.0_for_microsoft_sharepoint_and_sap_client_x86_dvd_1142330.iso,"DUET Enterprise 2.0 for Microsoft SharePoint and SAP Client (x86) - DVD (Arabic)",cb43dfb7f7152f7366f656c872a982cfda3d0f0c
ar_duet_enterprise_2.0_for_microsoft_sharepoint_and_sap_server_x64_dvd_1142399.iso,"DUET Enterprise 2.0 for Microsoft SharePoint and SAP Server (x64) - DVD (Arabic)",0c48af4ece5cd14412f1204cd59234b7f297f5c6
ar_dynamics_crm_4.0_enterprise_professional_workgroup_x86_dvd_x14-34561.iso,"Dynamics CRM 4.0 Enterprise, Professional, and Workgroup Editions (x86) - DVD (Arabic)",f3646caa7bc8483e19cad56d1f03f3a15833e74a
ar_fr_de_it_ja_disc_1_office_professional_2003_mui_x86_cd_x09-79574.iso,"Disc 1: Office Professional 2003 Multilingual User Interface (x86) - CD (Arabic, French, German, Italian, Japanese)",bdf3b30687edb890c1cf4671de981e028e575c84
ar_hk_cn_hr_he_pt_sr_th_tr_uk_windows_vista_with_sp2_global_language_pack_x64_dvd_x15-40549.iso,"Windows Vista with Service Pack 2 Global Language Pack (x64) - DVD (Arabic, Chinese-Hong Kong SAR, Chinese-Simplified, Croatian, Hebrew, Portuguese-Brazil, Serbian, Thai, Turkish, Ukrainian)",aa460bf6ae6c53481e723f345e4ed2d93ccccfb9
ar_hk_cn_hr_he_pt_sr_th_tr_uk_windows_vista_with_sp2_global_language_pack_x86_dvd_x15-40473.iso,"Windows Vista with Service Pack 2 Global Language Pack (x86) - DVD (Arabic, Chinese-Hong Kong SAR, Chinese-Simplified, Croatian, Hebrew, Portuguese-Brazil, Serbian, Thai, Turkish, Ukrainian)",f37ecb316b8f9ec4f1af864a8d229d85f1cfa071
ar_ie60_sp1.exe,"Internet Explorer 6.0 with Service Pack 1 (Arabic)",63505435aa341fc8de4f92ad22ab5eb0a31481ba
ar_ie7_for_win_xp_sp2_x86.exe,"Windows Internet Explorer 7 for Windows XP SP2 (x86) (Arabic)",13c706279f7d41d7bd957f139d060b010f4891f1
ar_infopath_2010_x64_515832.exe,"InfoPath 2010 (x64) - (Arabic)",e0eddd4cd45f4ee481beeb4f7006336253e399b4
ar_infopath_2010_x86_515816.exe,"InfoPath 2010 (x86) - (Arabic)",640d9c41f6d175a8d2fc8d39c8e0f4b05f2b2c7f
ar_infopath_2010_x86_x64_dvd_515798.iso,"InfoPath 2010 (x86 and x64) - DVD (Arabic)",49a240426316e46ffce4f839d843d4ba6a141772
ar_infopath_2013_x64_1145468.exe,"InfoPath 2013 (x64) - (Arabic)",9c3601eb7e2be8f12b157f7202f5129144442c69
ar_infopath_2013_x86_1145466.exe,"InfoPath 2013 (x86) - (Arabic)",4b4dff92cb39bbfaa9d6df1965145c1e1bb2cf91
ar_infopath_2013_x86_x64_dvd_1145470.iso,"InfoPath 2013 (x86 and x64) - DVD (Arabic)",add5eeb358417e0c81b4d9d3a28a0fbb2ecf32b1
ar_lync_2010_x64_615697.exe,"Lync 2010 (x64) - (Arabic)",dd773224b3b724a71f1e5b0ffc204abd7146b8d5
ar_lync_2010_x86_615692.exe,"Lync 2010 (x86) - (Arabic)",219f315c4a87b4a132c5dfedebd0bbf53500d6fb
ar_lync_2013_with_sp1_x86_and_x64_dvd_3857327.iso,"Lync 2013 with Service Pack 1 (x86 and x64) - DVD (Arabic)",6fc569e301bfe2a9a85d47f4cb7b3aabde55ba80
ar_lync_2013_x86_x64_dvd_1145851.iso,"Lync 2013 (x86 and x64) - DVD (Arabic)",8f33d0f2397f59ff44412a0a019add58c1400fee
ar_mdac_typ_2_8_sp1.exe,"MDAC 2.8 SP1 (Arabic)",bb3c7ed45ed8c5efa5ac7eaea342989ff21375f4
ar_mdac_typ_2.8.exe,"MDAC 2.8 (Arabic)",0671eadd8d535018ca4f284616cca764f33e7f0b
ar_microsoft_dynamics_crm_2011_language_pack_x64.exe,"Microsoft Dynamics CRM 2011 Language Pack (x64) -  (Arabic)",c6729d380b03a08bd23b2d9ac48aab19df5eeaa5
ar_microsoft_dynamics_crm_2011_language_pack_x86.exe,"Microsoft Dynamics CRM 2011 Language Pack (x86) -  (Arabic)",a951303479441c3a71aa76a5af8ca0efac52518b
ar_microsoft_dynamics_crm_2013_language_pack_sp1_x64_4330472.exe,"Microsoft Dynamics CRM 2013 Language Pack SP1 (x64) - (Arabic)",e46e57689a74abb44298a422e95681ff1c384d43
ar_microsoft_dynamics_crm_2013_language_pack_sp1_x86_4330472.exe,"Microsoft Dynamics CRM 2013 Language Pack SP1 (x86) - (Arabic)",4f6ad257092b41c261335bfe66037ee38d17d5be
ar_microsoft_dynamics_crm_2013_language_pack_x64.exe,"Microsoft Dynamics CRM 2013 Language Pack (x64) - (Arabic)",24e14bd93dc20a174ef95100af6fd67e430a2fbb
ar_microsoft_dynamics_crm_2013_language_pack_x86.exe,"Microsoft Dynamics CRM 2013 Language Pack (x86) - (Arabic)",b65646ff744d624e73d207d56bb8bedbdc80b538
ar_microsoft_dynamics_crm_server_2011_x86_x64_dvd_649022.iso,"Microsoft Dynamics CRM Server 2011 (x86 and x64) - DVD (Arabic)",9d9b33fbc4b4fa4ea6f309e901a42f71e632c38f
ar_microsoft_dynamics_crm_server_2013_sp1_x86_and_x64_4330472.exe,"Microsoft Dynamics CRM Server 2013 SP1 (x86 and x64) - (Arabic)",d4f425faefbd4b7a88f6a614205d840ecc36f104
ar_microsoft_dynamics_crm_server_2013_x86_and_x64_dvd_2985611.iso,"Microsoft Dynamics CRM Server 2013 (x86 and x64) - DVD (Arabic)",df0b0683d7ee2127aad89b3cd315e8359fa793b0
ar_msdos5.exe,"MS-DOS 5 (Arabic)...",59394fb76e513228f74c5527365dc8ed1a782e17
ar_msdrmclient.exe,"Windows Rights Management Client 1.0 (Arabic)",07730269a3b368e44b91d14c7de772e551726100
ar_office_2003_frontpage.iso,"Office FrontPage 2003 (Arabic)",d7bc2d182a7b6f0368b1166afaf01ee30b0422aa
ar_office_2003_onenote.iso,"Office OneNote 2003 (Arabic)",732759f2d12a5a51ef0c17b72cd20ebd1439ec2a
ar_office_2003_pro.iso,"Office Professional Enterprise Edition 2003 (Arabic)",aef9a1af0f783df104ad59ae38bf790a749494e1
ar_office_2003_publisher.iso,"Office Publisher 2003 (Arabic)",2a0a1e30c162c99545c67219712a925cb2b1b14d
ar_office_2003_service_pack_3_x86.exe,"Office 2003 Service Pack 3 (x86) - (Arabic)",76e3f92908c322038f517a1983e4ef262084f637
ar_office_2003_sp1.iso,"Office 2003 Service Pack 1 (Arabic)",a69f926113be2afa7658e652caf9d2a552eee99e
ar_office_2003_sps.iso,"Office SharePoint Portal Server 2003 (Arabic)",6bc5f4f0ad3c6041afa2e43f915211cea34a18c4
ar_office_2003_sr2_for_mui.exe,"Office 2003 Service Pack 2 for Multilingual User Interface Pack (Arabic)",c633daae7fd0c90934b519aeacb089e6ddc5a08c
ar_office_2007_servers_service_pack_1_x64.exe,"Office Servers 2007 Service Pack 1 (x64) - (Arabic)",9aef24048f51c6719c21868a3aa0cf0038d427b5
ar_office_2007_servers_service_pack_1_x86.exe,"Office Servers 2007 Service Pack 1 (x86) - (Arabic)",187e1bc6ec0b795b59fa0187b407712d8260f394
ar_office_2013_single_language_pack_with_sp1_x64_3857779.exe,"Office 2013 Single Language Pack with Service Pack 1 (x64) - (Arabic)",d169c83d8ae4e2d1b889d26760e91d24d26e45b6
ar_office_2013_single_language_pack_with_sp1_x86_3857759.exe,"Office 2013 Single Language Pack with Service Pack 1 (x86) - (Arabic)",5fdee11fb50e2b3f36f7dc2fa315e260ab7e2df8
ar_office_2013_single_language_pack_with_sp1_x86_and_x64_dvd_3857794.iso,"Office 2013 Single Language Pack with Service Pack 1 (x86 and x64) - DVD (Arabic)",6ab83f66bab018419fcb70347091825993269ba9
ar_office_2013_single_language_pack_x64_dvd_1169488.iso,"Office 2013 Single Language Pack (x64) - DVD (Arabic)",da6ed50ab71ac52a0a628763ce725d6816ba1986
ar_office_2013_single_language_pack_x86_dvd_1173913.iso,"Office 2013 Single Language Pack (x86) - DVD (Arabic)",8ca4faf902493adfbc6bceb76fe1cfec9e2afca1
ar_office_2013_single_language_pack_x86_x64_dvd_1165256.iso,"Office 2013 Single Language Pack (x86 and x64) - DVD (Arabic)",dce7c8615d42c6a860efd81f83a75fdd1c11d24d
ar_office_access_2007_cd_x12-19099.iso,"Office Access 2007 (Arabic)",75c3e90c663d36e38118f4180b8583510c24fa4d
ar_office_communicator_2007_r2_x86_cd_328444.iso,"Office Communicator 2007 R2 (x86) - CD (Arabic)",a19d7b31fc672b0a2315de193f37cb2f4a7c1738
ar_office_communicator_2007_x86_cd_x13-78468.iso,"Office Communicator 2007 (x86) - CD (Arabic)",a760da07781cc7bfb8fcefba4f9f972ba81562d8
ar_office_enterprise_2007_dvd_vl_x12-19564.iso,"Office Enterprise 2007 - DVD (Arabic)",a9806d7f2a591e6f002e071aebccd9776b0bf67d
ar_office_enterprise_2007_united_states_x86_dvd_481411.iso,"Office Enterprise 2007 (x86) - DVD (Arabic) (United States)",9cdf09d600ad036057f2b57a240ca372a2d9f63c
ar_office_forms_server_2007_with_service_pack_1_x86_x64_cd_x14-38593.iso,"Office Forms Server 2007 with Service Pack 1 (x86 and x64) - CD (Arabic)",f35399f5ec49f1ba46fb94ea82d51e0ba6f69fae
ar_office_forms_server_2007_x13-38866.iso,"Office Forms Server 2007 (Arabic)",5b2c0f262205c52695c252dc510f869d9b70b95d
ar_office_infopath_2007_cd_x12-19088.iso,"Office InfoPath 2007 (Arabic)",d122c4d2cde057aa3ff4e90e655f58b428350459
ar_office_language_pack_2007_x12-42346.iso,"Office 2007 Language Pack (Arabic)",1f5aec56c8bf77a54428874338cfb0cbdfcd876e
ar_office_language_pack_2010_x64_516610.exe,"Office 2010 Language Pack (x64) - (Arabic)",1b4f2672e83919b35ebefa0b5facc4ed13403dcd
ar_office_language_pack_2010_x64_dvd_516571.iso,"Office 2010 Language Pack (x64) - DVD (Arabic)",0d7a7021527a1ce00bf630b4c94c0e516d2180ba
ar_office_language_pack_2010_x86_516577.exe,"Office 2010 Language Pack (x86) - (Arabic)",5fdc45cc8b83663376ed0ecf89efcefcded21844
ar_office_language_pack_2010_x86_dvd_516565.iso,"Office 2010 Language Pack (x86) - DVD (Arabic)",a712d07d0794a648e832ddde81b35ec90c2fcc51
ar_office_language_pack_2010_x86_x64_dvd_516581.iso,"Office 2010 Language Pack (x86 and x64) - DVD (Arabic)",00a08d4d4770d092ab13aa6a7e1ac9dd36619c9b
ar_office_onenote_2003_service_pack_3_x86.exe,"Office OneNote 2003 Service Pack 3 (x86) - (Arabic)",ebf049941054256b723194dd6133560b70674b37
ar_office_onenote_2003_with_sp1.iso,"Office OneNote 2003 with Service Pack 1 (Arabic)",39295080936ab8f4619c6a8707bf1db2b9c2096d
ar_office_onenote_2007_cd_x12-19091.iso,"Office OneNote 2007 (Arabic)",1deb137871ccd878db5e0e0add7fbf1d42e4a976
ar_office_outlook_2007_cd_x12-19090.iso,"Office Outlook 2007 (Arabic)",0c4d865d775b289dec086e589a7aabc6c245faa0
ar_office_professional_2007_cd_x12-42322.iso,"Office Professional 2007 (Arabic)",367b82a987d1d5882fddfa68d659c0cf41ffaf02
ar_office_professional_2007_united_states_x86_cd_480144.iso,"Office Professional 2007 (x86) - CD (Arabic) (United States)",ed82fbe3fe60156cfaf99fe8ebfcd98b25ba0296
ar_office_professional_enterprise_edition_2003_united_states_x86_cd_489871.iso,"Office Professional Enterprise Edition 2003 (x86) - CD (Arabic) (United States)",59fea9d7fd64d74141b0699f2c74f1c3f2a87468
ar_office_professional_plus_2007_cd_x12-38647.iso,"Office Professional Plus 2007 (Arabic)",aa6baf31b04a451260f8b388e62aea8c3cf70a98
ar_office_professional_plus_2007_united_states_x86_cd_481462.iso,"Office Professional Plus 2007 (x86) - CD (Arabic) (United States)",3dfe944fd91fce7601d2fba5fc2c8c9fbea076c0
ar_office_professional_plus_2010_with_sp1_x86_x64_dvd_731437.iso,"Office Professional Plus 2010 with Service Pack 1 (x86 and x64) - DVD (Arabic) ",5a247727c862ab1b5e99f7bc73817fcdd718d362
ar_office_professional_plus_2010_x64_515495.exe,"Office Professional Plus 2010 (x64) - (Arabic)",108b06dd89c8a8fbe76bc0495622d3d70d89d1a1
ar_office_professional_plus_2010_x86_515498.exe,"Office Professional Plus 2010 (x86) - (Arabic)",d1ce9f2e374e732e71f2f2de8cf215eed2be3c3a
ar_office_professional_plus_2010_x86_x64_dvd_515524.iso,"Office Professional Plus 2010 (x86 and x64) - DVD (Arabic)",0861a7dd16446efa5ca8fbee4cb1a77281c4051b
ar_office_professional_plus_2013_with_sp1_x64_dvd_3921877.iso,"Office Professional Plus 2013 with Service Pack 1 (x64) - DVD (Arabic)",754ba7ac9a328cb5845b436590b8d20bd9d86c95
ar_office_professional_plus_2013_with_sp1_x86_and_x64_dvd_3921882.iso,"Office Professional Plus 2013 with Service Pack 1 (x86 and x64) - DVD (Arabic)",5a2c03c9888c5b67d9ef37031df23dac3731748f
ar_office_professional_plus_2013_with_sp1_x86_dvd_3921871.iso,"Office Professional Plus 2013 with Service Pack 1 (x86) - DVD (Arabic)",d59007eda909aede493f3cd5f035030736ef0b37
ar_office_professional_plus_2013_x64_dvd_1134010.iso,"Office Professional Plus 2013 (x64) - DVD (Arabic)",e99a94e1236a060df7b238dc7afe46399eeadf3a
ar_office_professional_plus_2013_x86_dvd_1134009.iso,"Office Professional Plus 2013 (x86) - DVD (Arabic)",de7c49fb3ae692a8bd9fc43034cd41256bc0969c
ar_office_professional_plus_2013_x86_x64_dvd_1149710.iso,"Office Professional Plus 2013 (x86 and x64) - DVD (Arabic)",3419f6d0c0376f2994028b888ebd676e910e4b49
ar_office_project_2007_service_pack_1_x86.exe,"Project 2007 Service Pack 1  (x86) - EXE (Arabic)",4caceb01326f0233a5e1efa72382c0aa9dbfdb9c
ar_office_project_professional_2007_cd_x12-19093.iso,"Office Project Professional 2007 (Arabic)",6b31434e6a19312a543d57e84fd20434e3ad65ff
ar_office_project_server_2007_with_service_pack_1_x86_x64_cd_x14-39379.iso,"Office Project Server 2007 with Service Pack 1 (x86 and x64) - CD (Arabic)",9809eae557e9c2b41fc55c2f03a1678f8655e0f1
ar_office_project_server_2007_x13-38789.iso,"Office Project Server 2007 (Arabic)",5d07a4700bc2f2445939b1a2db18c742facc7f7c
ar_office_project_standard_2007_cd_x12-19094.iso,"Office Project Standard 2007 (Arabic)",c1938bd08bca5b15bc9626db43a8bfb347ea3d5c
ar_office_publisher_2007_cd_x12-19092.iso,"Office Publisher 2007 (Arabic)",50309ef510e6b2789eedced6adaa94dd1c671b44
ar_office_servers_2013_language_pack_with_service_pack_1_x64_dvd_3857374.iso,"Office Servers 2013 Language Pack with Service Pack 1 (x64) - DVD (Arabic)",641bdabfbecb028136f482f554d5f1ea4d2e00fb
ar_office_servers_2013_language_pack_x64_dvd_1165209.iso,"Office Servers 2013 Language Pack (x64) - DVD (Arabic)",703e5ea2841842b9d212889535816d0f86949f1a
ar_office_servers_language_pack_2010_x64_517570.exe,"Office Servers 2010 Language Pack (x64) - (Arabic)",d628676ee221f05b75de5f453c107f21d59d8b98
ar_office_servers_language_pack_2010_x64_dvd_517569.iso,"Office Servers 2010 Language Pack (x64) - DVD (Arabic)",e3dbf83198ea9480ccc16fc7d5f2ff9493b3b28c
ar_office_sharepoint_designer_2007_cd_x12-19100.iso,"Office SharePoint Designer 2007 (Arabic)",76473144ea4fd86d091045d901e7eef895a5a795
ar_office_sharepoint_designer_2007_service_pack_1_x86.exe,"SharePoint Designer 2007 Service Pack 1  (x86) - EXE (Arabic)",04c173d8d81988944d1ad14b243e9f13ead29794
ar_office_sharepoint_server_2007_with_sp1_x64_dvd_x14-40085.iso,"Office SharePoint Server 2007 with Service Pack 1 (x64) - DVD (Arabic)",b0a3939dfce32e7b2992571315c5ab8d0d7a8939
ar_office_sharepoint_server_2007_with_sp1_x86_dvd_x14-40113.iso,"Office SharePoint Server 2007 with Service Pack 1 (x86) - DVD (Arabic)",5b82001bb6a815be00473f6c745823ab99d463f8
ar_office_sharepoint_server_2007_x86_x64_dvd_x13-38821.iso,"Office SharePoint Server 2007 (x86 and x64) - DVD (Arabic)",c4c99fef8f563f904e3fca2b68047e27f5e23773
ar_office_sharepoint_server_language_pack_2007_cd_x13-38812.iso,"Office SharePoint Server Language Pack 2007 (x64) (Arabic)",f7651e191ed52529169ac1c58ee09fdf39ec395f
ar_office_sharepoint_server_language_pack_2007_cd_x13-38839.iso,"Office SharePoint Server Language Pack 2007 (Arabic)",d05cb7362354d79427d938d4190802302c0a825c
ar_office_standard_2007_united_states_x86_cd_481419.iso,"Office Standard 2007 (x86) - CD (Arabic) (United States)",401528b2100412e393c9a57ccdc904cbfa65c970
ar_office_standard_2007_x86_cd_x12-18876.iso,"Office Standard 2007 (x86) - CD (Arabic)",49e260a9c63bbdd79e2abe775e4bafe73e4f88fd
ar_office_standard_2010_with_sp1_x86_x64_dvd_731448.iso,"Office Standard 2010 with Service Pack 1 (x86 and x64) - DVD (Arabic) ",ad4ab8601994098944500c47306bca480df8ca3c
ar_office_standard_2010_x64_515541.exe,"Office Standard 2010 (x64) - (Arabic)",ccf67c12b951df0fe8b7cd5472aa8f89f398dbf9
ar_office_standard_2010_x86_515536.exe,"Office Standard 2010 (x86) - (Arabic)",04690d04894aa4025c423a5df17633896058662b
ar_office_standard_2010_x86_x64_dvd_515785.iso,"Office Standard 2010 (x86 and x64) - DVD (Arabic)",6047b0654a18805dbcedd963b41778a0401459ea
ar_office_suite_2007_service_pack_1_x86_cd_x13-87867.iso,"Office Suite 2007 Service Pack 1 (x86) - CD (Arabic)",7ec6a7cd6601b60a968639704fd8c672d3902f5c
ar_office_ultimate_2007_dvd_x12-22237.iso,"Office Ultimate 2007 - DVD (Arabic)",faebf5182a66ed5136a4a5f8e1632bc3c90dd6e0
ar_office_ultimate_2007_united_states_x86_dvd_480268.iso,"Office Ultimate 2007 (x86) - DVD (Arabic) (United States)",b06400ea9d07f4316bf70becba9207b2e20f1fc0
ar_office_visio_2007_service_pack_1_x86.exe,"Visio 2007 Service Pack 1  (x86) - EXE (Arabic)",da0299e9d165b1a6f620aa23a5b01b02a11e336b
ar_office_visio_professional_2007_cd_x12-19097.iso,"Office Visio Professional 2007 (Arabic)",34d517f89f01b9e2254ac80320f48d1eff4af9b0
ar_office_visio_standard_2007_cd_x12-19096.iso,"Office Visio Standard 2007 (Arabic)",6767f3e569740ae38af3195876a1d84ce01f429a
ar_office_web_apps_2013_x64_dvd_1133684.iso,"Office Web Apps Server 2013 (x64) - DVD (Arabic)",daf65a4f0f9d1310e4b62c5c73ba82d27c24fe1b
ar_office_web_apps_server_2010_with_service_pack_2_x64_dvd_4177499.iso,"Office Web Apps Server 2010 with Service Pack 2 (x64) - DVD (Arabic)",c47bcd5457f88c2a4224e8ddadf9bcedb153f983
ar_office_web_apps_server_2013_with_sp1_x64_dvd_3832997.iso,"Office Web Apps Server 2013 with Service Pack 1 (x64) - DVD (Arabic)",21b5e64cde33aec1f1c7e3ebc411d9d5dadba8c9
ar_office_web_apps_with_service_pack_1_x64_dvd_759838.iso,"Office Web Apps Server 2010 with Service Pack 1 (x64) - DVD (Arabic)",c6364802808885124b05354a897e2faa2e2ebaf6
ar_office_web_apps_x64_515377.exe,"Office Web Apps Server 2010 (x64) - (Arabic)",79dc24a3dd9da3203064721d45ba4a12f37060ec
ar_office_web_apps_x64_dvd_515372.iso,"Office Web Apps Server 2010 (x64) - DVD (Arabic)",f2da6232eae9f08319cda20ce5667e2a00967936
ar_office_xp_professional_cd_x10-33608.iso,"Office XP Professional - CD (Arabic)",0333a52219ddfcdeb2c4a2b78a22c9b040819c72
ar_office_xp_sp3.iso,"Office XP Service Pack 3 (Arabic)",d671bb7531463a65ff3657320aabe9e9ed7a9cc8
ar_officexp_sp1.exe,"Office XP Service Pack 1 (Arabic)",13ffff23ed3f1fba76638c6e856f2d953477c050
ar_onenote_2010_x64_516598.exe,"OneNote 2010 (x64) - (Arabic)",366d515fc996f7c0d0d2028bb8fa579865004b2d
ar_onenote_2010_x86_516622.exe,"OneNote 2010 (x86) - (Arabic)",527db6febd3ea8857947d6bc2759899ed09f11cd
ar_onenote_2010_x86_x64_dvd_515835.iso,"OneNote 2010 (x86 and x64) - DVD (Arabic)",10af7cdf6017c80cc11d6d8e2badfcb39d293f05
ar_onenote_2013_x64_1146765.exe,"OneNote 2013 (x64) - (Arabic)",3ddfc874848012d7f929b890b559808da0cdb21e
ar_onenote_2013_x86_1146762.exe,"OneNote 2013 (x86) - (Arabic)",dbf6ead3a6a872202f5c8bed375f4adb751800af
ar_onenote_2013_x86_x64_dvd_1146766.iso,"OneNote 2013 (x86 and x64) - DVD (Arabic)",cd0004accc0361eccd8f39007f692b69bb715f98
ar_outlook_2010_x64_516741.exe,"Outlook 2010 (x64) - (Arabic)",a8b0620ab66fb0b936ee3302867444b7f6dc8a6b
ar_outlook_2010_x86_516847.exe,"Outlook 2010 (x86) - (Arabic)",f851b05864388979afa313d66540aeb9882caa16
ar_outlook_2010_x86_x64_dvd_515780.iso,"Outlook 2010 (x86 and x64) - DVD (Arabic)",10b7adc46be81847f86f1d337fad051ff01f88d5
ar_oxpsp2a.exe,"Office XP Service Pack 2 (Arabic)",4b04c99ceddb41f1d6f3828e674b9ea7ae4d5a09
ar_project_professional_2010_with_sp1_x86_x64_dvd_731449.iso,"Project Professional 2010 with Service Pack 1 (x86 and x64) - DVD (Arabic)",7fbf6e327ce51c69a813962b2900d6b8e6503ac5
ar_project_professional_2010_x64_516310.exe,"Project Professional 2010 (x64) - (Arabic)",9c8719bd8b09fea6ff819c95cfdbd06722ec7f0e
ar_project_professional_2010_x86_516476.exe,"Project Professional 2010 (x86) - (Arabic)",1fc9fa3e0e30d7bd6592981e74f1d2c7474e5d25
ar_project_professional_2010_x86_x64_dvd_515888.iso,"Project Professional 2010 (x86 and x64) - DVD (Arabic)",ce3c207f84f11885a21fae46e15b0f5375902ee9
ar_project_professional_2013_with_sp1_x64_3911370.exe,"Project Professional 2013 with Service Pack 1 (x64) - (Arabic)",3b795f387dc020b44552a309f49dbbbf0d2f0c07
ar_project_professional_2013_with_sp1_x86_3911369.exe,"Project Professional 2013 with Service Pack 1 (x86) - (Arabic)",c20419b68d4996060786d25b71bb6df9a52e95a4
ar_project_professional_2013_with_sp1_x86_and_x64_dvd_3911534.iso,"Project Professional 2013 with Service Pack 1 (x86 and x64) - DVD (Arabic)",f6b126221ea5ea32d3989ffce04467fef0fd724b
ar_project_professional_2013_x64_1138495.exe,"Project Professional 2013 (x64) - (Arabic)",836c94c42688e657b6708c7420f1f4239458574f
ar_project_professional_2013_x86_1138494.exe,"Project Professional 2013 (x86) - (Arabic)",91390c9dea3170ab6f35582e854dcb6282a9101f
ar_project_professional_2013_x86_x64_dvd_1164729.iso,"Project Professional 2013 (x86 and x64) - DVD (Arabic)",4bd6576ca25013d1ae186bd3ee77b16f1235c35f
ar_project_server_2010_with_service_pack_1_x64_dvd_759848.iso,"Project Server 2010 with Service Pack 1 (x64) - DVD (Arabic)",bc34f4f3f23aa032a1663e1df6b3418fce25b7ad
ar_project_server_2010_with_service_pack_2_x64_dvd_4177295.iso,"Project Server 2010 with Service Pack 2 (x64) - DVD (Arabic)",77ec3990efff89e6cadda10b72247e84be75ffeb
ar_project_server_2010_x64_518667.exe,"Project Server 2010 (x64) - (Arabic)",7f79ecb02a66a8bde9c17ff824677f58d32630c1
ar_project_server_2010_x64_dvd_518637.iso,"Project Server 2010 (x64) - DVD (Arabic)",5169be676137a664084d163ad598ad41072ea6d5
ar_project_server_2013_with_sp1_x64_dvd_3832686.iso,"Project Server 2013 with Service Pack 1 (x64) - DVD (Arabic)",1e432b2a1837194852743ae8ba850dec36b6795e
ar_project_server_2013_x64_dvd_1138525.iso,"Project Server 2013 (x64) - DVD (Arabic)",c13ee668c968ec8762cfe666421f00f46498742a
ar_project_standard_2010_with_sp1_x86_x64_dvd_731459.iso,"Project Standard 2010 with Service Pack 1 (x86 and x64) - DVD (Arabic) ",8b4843e75f1771f38442f60baa72530709b4e5a5
ar_project_standard_2010_x64_516828.exe,"Project Standard 2010 (x64) - (Arabic)",0637fa31cf126e06f0e034c097b588874e564d37
ar_project_standard_2010_x86_516827.exe,"Project Standard 2010 (x86) - (Arabic)",accbe36b1f12cdd2d0e1081beb34a55229987b84
ar_project_standard_2010_x86_x64_dvd_515896.iso,"Project Standard 2010 (x86 and x64) - DVD (Arabic)",e2eabe393d7b20d9274982e9cbbd6b6d517d3fe5
ar_publisher_2002a.iso,"Microsoft Publisher 2002a (Arabic)",d7096cd636a21d78222917fae9e8e93b7da40e41
ar_publisher_2010_x64_516286.exe,"Publisher 2010 (x64) - (Arabic)",8432c52082094d704de0fa2b39da339c318cc422
ar_publisher_2010_x86_516276.exe,"Publisher 2010 (x86) - (Arabic)",9be836450a13331c22918c3fa5aa9e79b829d4cc
ar_publisher_2010_x86_x64_dvd_515852.iso,"Publisher 2010 (x86 and x64) - DVD (Arabic)",536163bf9f3a67da9da2907d2826c643d995d7d8
ar_rail_qfe_for_windows_xp_sp3_x86_439642.exe,"RAIL QFE for Windows XP SP3 (x86) - (Arabic)",f3362cb875107d6a032a277f33f531b17f567501
ar_search_server_2008_x86_x64_cd_x14-59637.iso,"Search Server 2008 (x86 and x64) - CD (Arabic)",2b5aef3b01b984529aa1da0bf5f2715662067f65
ar_search_server_2010_with_service_pack_1_x64_dvd_760248.iso,"Search Server 2010 with Service Pack 1 (x64) - DVD (Arabic)",eb0f8c61dda19c249ad19d8c05512f9d56891dd0
ar_search_server_2010_with_service_pack_2_x64_dvd_4177489.iso,"Search Server 2010 with Service Pack 2 (x64) - DVD (Arabic)",e112e59f36e0aa4e37cac1acef819c831731eb38
ar_search_server_2010_x64_518664.exe,"Search Server 2010 (x64) - (Arabic)",43b973008feecbad30872576456bbacf67d5db5b
ar_search_server_2010_x64_dvd_x16-50705.iso,"Search Server 2010 (x64) - DVD (Arabic)",8d2ce3e739d9f9396795b89af7ca7774a4caa091
ar_sharepoint_designer_2010_x64_516620.exe,"SharePoint Designer 2010 (x64) - (Arabic)",c518d6ed75821d8c53c80cb9efb6c1fa35133e97
ar_sharepoint_designer_2010_x86_516539.exe,"SharePoint Designer 2010 (x86) - (Arabic)",6aaf4f45aef3aff3f8e743abaf6c32542a24940d
ar_sharepoint_designer_2013_with_sp1_x64_3948121.exe,"SharePoint Designer 2013 with Service Pack 1 (x64) - (Arabic)",bd602ba3a8d95a0b3aefadafbafefb5600e5c862
ar_sharepoint_designer_2013_with_sp1_x86_3948120.exe,"SharePoint Designer 2013 with Service Pack 1 (x86) - (Arabic)",43d6a43adca74bdf13eb5cae6632954755a4a64c
ar_sharepoint_designer_2013_x64_1176108.exe,"SharePoint Designer 2013 (x64) - (Arabic)",7f150b9ece16cc7f2939c11be7ef16ccba6c3d5b
ar_sharepoint_designer_2013_x86_1176107.exe,"SharePoint Designer 2013 (x86) - (Arabic)",1671efcb0f3b1ace713a7b9005ff39032f1aecbd
ar_sharepoint_server_2010_language_pack_with_service_pack_2_x64_4173473.exe,"SharePoint Server 2010 Language Pack with Service Pack 2 (x64) - (Arabic)",92884369bcd9829506d1470f2b255ecf43f68299
ar_sharepoint_server_2010_with_service_pack_2_x64_dvd_4177233.iso,"SharePoint Server 2010 with Service Pack 2 (x64) - DVD (Arabic)",5a8e4e05b8753bd8f773bac72f7f08fe40bbfe9c
ar_sharepoint_server_2010_x64_515368.exe,"SharePoint Server 2010  (x64) - (Arabic)",87c5a8487b381fc6d35a1f9fa7f238e7c0c7e1de
ar_sharepoint_server_2010_x64_dvd_515359.iso,"SharePoint Server 2010 (x64) - DVD (Arabic)",b2bd3dc75b66d548c33b3bcf4fe8daf5afe61ffa
ar_sharepoint_server_2013_with_sp1_x64_dvd_3830452.iso,"SharePoint Server 2013 with SP1 (x64) - DVD (Arabic)",956bbfb814a193c6d953a77f044b8a25bc88e09f
ar_sharepoint_server_2013_x64_dvd_1132450.iso,"SharePoint Server 2013 (x64) - DVD (Arabic)",921597e7c0f26d91f5551124aeba5d5a2de4a434
ar_sharepoint_services_3.0_with_service_pack_1_x64.exe,"Windows SharePoint Services 3.0 with Service Pack 1 (x64) (Arabic)",4c665a163cc410a38c32f5958e43ec57f6d1286a
ar_sharepoint_services_3.0_with_service_pack_1_x86.exe,"Windows SharePoint Services 3.0 with Service Pack 1 (x86) (Arabic)",625ac8c95845d3bb6db64926bf88c3797246dea1
ar_sharepoint_services_sp2.exe,"Windows SharePoint Services Service Pack 2 (Arabic)",47c55d72d084b1fb74a891e93dafe5f0cd712325
ar_sharepoint_services_with_sp1.exe,"Windows SharePoint Services with Service Pack 1 (Arabic)",12a33462d933fbab1f320e64ae458b848a670da2
ar_sharepoint_workspace_2010_x64_516490.exe,"SharePoint Workspace 2010 (x64) - (Arabic)",7a92250f6a3c7f0f2bd120ecc5ddbf9ee6b91d53
ar_sharepoint_workspace_2010_x86_516475.exe,"SharePoint Workspace 2010 (x86) - (Arabic)",163f8ba052a718df32185510db282cb82a4d7bbb
ar_sharepoint_workspace_2010_x86_x64_dvd_515889.iso,"SharePoint Workspace 2010 (x86 and x64) - DVD (Arabic)",8808480c5aad57855d2ee98ff8527d25fac73281
ar_sps_2003_sp1.iso,"SharePoint Portal Server 2003 Service Pack 1 (Arabic)",ca0359e0146337b1a8e7b95771f7816e0d64b450
ar_sps_2003_sp2.exe,"SharePoint Portal Server 2003 Service Pack 2 (Arabic)",6cf9076465dc141a776eb17a50d7a465473cabdb
ar_ui_strings_glossary_october_2014_x86_x64_5643761.zip,"UI Strings Glossary October 2014 (x86 and x64) - (Arabic)",cfec0f4352a87a59f55c83f8b7abe285ea6899c3
ar_visio_2010_with_sp1_x86_x64_dvd_731467.iso,"Visio 2010 with Service Pack 1 (x86 and x64) - DVD (Arabic)",2bd5b59260f8b3954e03ee5857addbca5008ea48
ar_visio_2010_x64_516352.exe,"Visio 2010 (x64) - (Arabic)",34e9916db601736134f180b2aa2ecebc38af2664
ar_visio_2010_x86_516351.exe,"Visio 2010 (x86) - (Arabic)",40d0905af728c25ec9910d590d94cde680f6ea57
ar_visio_2010_x86_x64_dvd_516308.iso,"Visio 2010 (x86 and x64) - DVD (Arabic)",fb50744c0bf651225a03b84971b5c9f8d18d8b2e
ar_visio_professional_2013_with_sp1_x64_3910823.exe,"Visio Professional 2013 with Service Pack 1 (x64) - (Arabic)",9199ddf7cca76c4fe20387ab5b612e06eea0c130
ar_visio_professional_2013_with_sp1_x86_3910897.exe,"Visio Professional 2013 with Service Pack 1 (x86) - (Arabic)",a15cc48b1a8ef1980b7abb69c28b86d11198c96d
ar_visio_professional_2013_with_sp1_x86_and_x64_dvd_3911032.iso,"Visio Professional 2013 with Service Pack 1 (x86 and x64) - DVD (Arabic)",df87bc6dd72dec5ffd56bd4ccf8d9f80d9822535
ar_visio_professional_2013_x64_1138444.exe,"Visio Professional 2013 (x64) - (Arabic)",81e3325753f2291d42cf89fa2abc2b60109a18d7
ar_visio_professional_2013_x86_1138442.exe,"Visio Professional 2013 (x86) - (Arabic)",07b54bf845b7acd7d289d64777dc781bf7c3d4c9
ar_visio_professional_2013_x86_x64_dvd_1173957.iso,"Visio Professional 2013 (x86 and x64) - DVD (Arabic)",636bbe566fc09437aeded3e4a58b3d7d6c6d1ae7
ar_visual_studio_2010_tools_for_the_office_system_4.0_runtime_sp1_x64_langpack_653156.exe,"Visual Studio 2010 Tools for the Office System 4.0 Runtime Service Pack 1 (x64) LangPack - (Arabic)",3c8268c1ec9375a0ec28f25ee2a4768e6e969f2c
ar_visual_studio_2010_tools_for_the_office_system_4.0_runtime_sp1_x86_langpack_653156.exe,"Visual Studio 2010 Tools for the Office System 4.0 Runtime Service Pack 1 (x86) LangPack - (Arabic)",64517ea9152f9bf777edf1347340b8e12478edcf
ar_visual_studio_2010_tools_for_the_office_system_4.0_runtime_x64_langpack_539643.exe,"Visual Studio 2010 Tools for the Office System 4.0 Runtime (x64) LangPack - (Arabic)",24ee0c0d6511d983bb46ab96f8bfb833e1b9a25e
ar_visual_studio_2010_tools_for_the_office_system_4.0_runtime_x86_langpack_539643.exe,"Visual Studio 2010 Tools for the Office System 4.0 Runtime (x86) LangPack - (Arabic)",fbc8bcefd927402bc9c694c414a4d071ee2aae0a
ar_wfw311.exe,"Windows for Workgroups 3.11 (Arabic)",1a74b9ce6b03a164d825152c955f45f08f2fc5ab
ar_win_xp_pro_with_sp2_vl.iso,"Windows XP Professional with Service Pack 2- VL (Arabic)",c36f4ff0a3e77ee058d82730509a1109fd6f59ae
ar_win31.exe,"Windows 3.1 (Arabic)",ee9fc423a068158b15da10151aa799f7a20c8b75
ar_windows_7_enterprise_with_sp1_x64_dvd_u_677643.iso,"Windows 7 Enterprise with Service Pack 1 (x64) - DVD (Arabic)",5f7e81a84e64270764c3c649598370015e341c7b
ar_windows_7_enterprise_with_sp1_x86_dvd_u_677691.iso,"Windows 7 Enterprise with Service Pack 1 (x86) - DVD (Arabic)",11bb8461c3d69d8fb35498e1ca0ed5a3b99a60d3
ar_windows_7_enterprise_x64_dvd_x15-70765.iso,"Windows 7 Enterprise (x64) - DVD (Arabic)",771c036295039f6f69eb4a243048c37ea24df830
ar_windows_7_enterprise_x86_dvd_x15-70761.iso,"Windows 7 Enterprise (x86) - DVD (Arabic)",7812e8fe810cb8f23319a1a4a5e9a86b77d2d973
ar_windows_7_home_basic_with_sp1_x86_dvd_u_676462.iso,"Windows 7 Home Basic with Service Pack 1 (x86) - DVD (Arabic)",18b9e305f71874c296817495fbc97f291d1141e8
ar_windows_7_home_basic_x86_dvd_x15-65636.iso,"Windows 7 Home Basic (x86) - DVD (Arabic)",8f855966c7cef0af8a2a7e1ac945a171389fb8b3
ar_windows_7_home_premium_with_sp1_x64_dvd_u_676551.iso,"Windows 7 Home Premium with Service Pack 1 (x64) - DVD (Arabic)",8cc2af16d33ee110df4975ddb24ba27b44d0b9e1
ar_windows_7_home_premium_with_sp1_x86_dvd_u_676666.iso,"Windows 7 Home Premium with Service Pack 1 (x86) - DVD (Arabic)",cc6232a0ff99da23d6f1e34ecfd76dba1d138151
ar_windows_7_home_premium_x64_dvd_x15-65712.iso,"Windows 7 Home Premium (x64) - DVD (Arabic)",a4c577bd1704556e18cf2dfd2e27f6d82cf82f04
ar_windows_7_home_premium_x86_dvd_x15-65711.iso,"Windows 7 Home Premium (x86) - DVD (Arabic)",9100e30516b60dac30545eb760a07788d6dd78c5
ar_windows_7_professional_vl_build_x64_dvd_x15-71053.iso,"Windows 7 Professional, VL Build (x64) - DVD (Arabic)",aec69fbe3e68a431e023b14deaa43b1c5b37395b
ar_windows_7_professional_vl_build_x86_dvd_x15-71049.iso,"Windows 7 Professional, VL Build (x86) - DVD (Arabic)",9b2ceb9a945a2fada2c7d643aa46b99226c71ab4
ar_windows_7_professional_with_sp1_vl_build_x64_dvd_u_677754.iso,"Windows 7 Professional with Service Pack 1, VL Build (x64) - DVD (Arabic)",f18d8ea980df70dea750d5246723e16869d99dde
ar_windows_7_professional_with_sp1_vl_build_x86_dvd_u_677837.iso,"Windows 7 Professional with Service Pack 1, VL Build (x86) - DVD (Arabic)",21617b0a44c06774f498be4d3d5c3a016de6dc7c
ar_windows_7_professional_with_sp1_x64_dvd_u_676943.iso,"Windows 7 Professional with Service Pack 1 (x64) - DVD (Arabic)",bab1c92ca2e3dd93c5591762d71ee37164f86d85
ar_windows_7_professional_with_sp1_x86_dvd_u_677052.iso,"Windows 7 Professional with Service Pack 1 (x86) - DVD (Arabic)",acb0c7f657f7d8133ef5e858f38bc0cb0f12d713
ar_windows_7_professional_x64_dvd_x15-65785.iso,"Windows 7 Professional (x64) - DVD (Arabic)",b43e0b8df3e71562e1f9939452232aa025221b19
ar_windows_7_professional_x86_dvd_x15-65784.iso,"Windows 7 Professional (x86) - DVD (Arabic)",05cee065095aedd7c9fd8f65fa0fdcb760f10696
ar_windows_7_starter_with_sp1_x86_dvd_u_678504.iso,"Windows 7 Starter with Service Pack 1 (x86) - DVD (Arabic)",c3a75729b20cb4f15d5aa7537eaafebdff29cba1
ar_windows_7_starter_x86_dvd_x15-68969.iso,"Windows 7 Starter (x86) - DVD (Arabic)",694b73b5abd51230256f45b160a9609d8387043a
ar_windows_7_ultimate_with_sp1_x64_dvd_u_677345.iso,"Windows 7 Ultimate with Service Pack 1 (x64) - DVD (Arabic)",25565487abef877ebc6688c20a65e1c670b1f92d
ar_windows_7_ultimate_with_sp1_x86_dvd_u_677448.iso,"Windows 7 Ultimate with Service Pack 1 (x86) - DVD (Arabic)",302dfd114e2bf89ee69efb3b6ce9c982f84c9f91
ar_windows_7_ultimate_x64_dvd_x15-66042.iso,"Windows 7 Ultimate (x64) - DVD (Arabic)",21e2e51c9c754986eebd85def9756710608c43eb
ar_windows_7_ultimate_x86_dvd_x15-65901.iso,"Windows 7 Ultimate (x86) - DVD (Arabic)",3716da3f747927f82c2b41fdb0a0f510eb832e3a
ar_windows_8_1_enterprise_x64_dvd_2971857.iso,"Windows 8.1 Enterprise (x64) - DVD (Arabic)",7f4ca050f20598df8eca301f011dd3f4b8d19750
ar_windows_8_1_enterprise_x86_dvd_2972250.iso,"Windows 8.1 Enterprise (x86) - DVD (Arabic)",93a9f7a72abff0ee1c6d11ab0955574c98aaae76
ar_windows_8_1_pro_vl_x64_dvd_2971895.iso,"Windows 8.1 Pro VL (x64) - DVD (Arabic)",1af5d5cce2f1ce99d2f630b2cb1f3085c23ade6d
ar_windows_8_1_pro_vl_x86_dvd_2972617.iso,"Windows 8.1 Pro VL (x86) - DVD (Arabic)",a3529c11c333534195d012abd2102c4c8e710414
ar_windows_8_1_x64_dvd_2707271.iso,"Windows 8.1 (multiple editions) (x64) - DVD (Arabic)",86ede187cec7e032142219fc84387067478b9cdf
ar_windows_8_1_x86_dvd_2707430.iso,"Windows 8.1 (multiple editions) (x86) - DVD (Arabic)",67b784341ddffa184904a07d60f57c72084362ac
ar_windows_8_enterprise_x64_dvd_917516.iso,"Windows 8 Enterprise (x64) - DVD (Arabic)",cbd91758cbac87f6335a2197b6c70332a2510724
ar_windows_8_enterprise_x86_dvd_917584.iso,"Windows 8 Enterprise (x86) - DVD (Arabic)",cafbee07cb12a163c0cac3fc2c521dcb6fe2c23d
ar_windows_8_pro_vl_x64_dvd_917695.iso,"Windows 8 Pro VL (x64) - DVD (Arabic)",507c480c9a3edcef71aee3c43e589c6dadf13fd9
ar_windows_8_pro_vl_x86_dvd_917826.iso,"Windows 8 Pro VL (x86) - DVD (Arabic)",a6a41ea61e21cb39a7e71787793569eff268bbaa
ar_windows_8_x64_dvd_915454.iso,"Windows 8 (multiple editions) (x64) - DVD (Arabic)",9fd5418450ec666e414cd598fd4609e995c32b60
ar_windows_8_x86_dvd_915428.iso,"Windows 8 (multiple editions) (x86) - DVD (Arabic)",9782853c4dec4098d472576550b987b6d01c5b29
ar_windows_8.1_enterprise_with_update_x64_dvd_4048569.iso,"Windows 8.1 Enterprise with Update (x64) - DVD (Arabic)",5064badadec9f3e3d940fb365898ad46e27fb7cb
ar_windows_8.1_enterprise_with_update_x86_dvd_4050244.iso,"Windows 8.1 Enterprise with Update (x86) - DVD (Arabic)",5db927f2078d5f3409d70af52bffbe1bbb860565
ar_windows_8.1_professional_vl_with_update_x64_dvd_4050268.iso,"Windows 8.1 Professional VL with Update (x64) - DVD (Arabic)",8504d523e44a1c3c97e8a059469dd5a339b38306
ar_windows_8.1_professional_vl_with_update_x86_dvd_4048619.iso,"Windows 8.1 Professional VL with Update (x86) - DVD (Arabic)",58647cf606377ba5d98abafaa7768e8e7c65c17f
ar_windows_8.1_with_update_x64_dvd_4048020.iso,"Windows 8.1 with Update (multiple editions) (x64) - DVD (Arabic)",b1a4849494dceb79161514ffcf93031d06b86286
ar_windows_8.1_with_update_x86_dvd_4047982.iso,"Windows 8.1 with Update (multiple editions) (x86) - DVD (Arabic)",de864c1fc36e295187e0adf6937def9c820288a1
ar_windows_automated_installation_kit_for_windows_7_and_windows_server_2008_r2_sp1_x86_x64_ia64_dvd_619617.iso,"Windows Automated Installation Kit for Windows 7 and Windows Server 2008 R2 Service Pack 1 (x86, x64, ia64) - DVD (Arabic)",15862e0272ccef2821a24298657f9ae9dc0eaf4e
ar_windows_automated_installation_kit_for_windows_7_and_windows_server_2008_r2_x86_x64_ia64_dvd_400091.iso,"Windows Automated Installation Kit for Windows 7 and Windows Server 2008 R2 (x86, x64, ia64) - DVD (Arabic)",e34752319f448c6bb2e1df42aff1c37862e300e3
ar_windows_embedded_8_1_industry_enterprise_x64_dvd_2710456.iso,"Windows Embedded 8.1 Industry Enterprise (x64) - DVD (Arabic)",959758d7b0eafcd6c56b916f6b27992148a1eedc
ar_windows_embedded_8_1_industry_enterprise_x86_dvd_2710733.iso,"Windows Embedded 8.1 Industry Enterprise (x86) - DVD (Arabic)",38436328e42e0be4dcf1b4f978998564a6345e8d
ar_windows_embedded_8_1_industry_pro_x64_dvd_2707151.iso,"Windows Embedded 8.1 Industry Pro (x64) - DVD (Arabic)",15071bac556454fd538e36e3cbeeadfd1ce37fb1
ar_windows_embedded_8_1_industry_pro_x86_dvd_2707440.iso,"Windows Embedded 8.1 Industry Pro (x86) - DVD (Arabic)",8ff618594e321bd113ce23b8783597d6447daf31
ar_windows_embedded_8.1_industry_enterprise_with_update_x64_dvd_4050182.iso,"Windows Embedded 8.1 Industry Enterprise with Update (x64) - DVD (Arabic)",0fd21fc42a5c559f92fb4490e3160d417ab12d63
ar_windows_embedded_8.1_industry_enterprise_with_update_x86_dvd_4048555.iso,"Windows Embedded 8.1 Industry Enterprise with Update (x86) - DVD (Arabic)",9ae4e3783c6ae772dabedca15433c899179b1c64
ar_windows_embedded_8.1_industry_pro_with_update_x64_dvd_4050087.iso,"Windows Embedded 8.1 Industry Pro with Update (x64) - DVD (Arabic)",fecb25dc5681b4aa134576a8936575f4479abb6d
ar_windows_embedded_8.1_industry_pro_with_update_x86_dvd_4048551.iso,"Windows Embedded 8.1 Industry Pro with Update (x86) - DVD (Arabic)",0479fdc8e236425a251967946570ffd43b0ea545
ar_windows_internet_explorer_8_for_windows_vista_and_windows_server_2008_x64.exe,"Windows Internet Explorer 8 for Windows Vista and Windows Server 2008 (x64) - (Arabic)",c6c24aeff1cdba8889b9573ca2441446593fc223
ar_windows_internet_explorer_8_for_windows_vista_and_windows_server_2008_x86.exe,"Windows Internet Explorer 8 for Windows Vista and Windows Server 2008 (x86) - (Arabic)",cbc349e561ac45b4030a9cbc5205887483333705
ar_windows_internet_explorer_8_for_windows_xp_x86.exe,"Windows Internet Explorer 8 for Windows XP (x86) - (Arabic)",997bcb495232a096d2786d8fd2a8d3dcd16d0b6d
ar_windows_sharepoint_services_3.0_service_pack_1_x64.exe,"SharePoint Services 3.0 Service Pack 1  (x64) - EXE (Arabic)",dc1ef7962a546b70e0b706c6b114752783c0382e
ar_windows_sharepoint_services_3.0_service_pack_1_x86.exe,"SharePoint Services 3.0 Service Pack 1 (x86) - EXE (Arabic)",9d16b9fe858c56c04d35756c22adfaaa2157ccdd
ar_windows_sharepoint_services_3.0_x64.exe,"Windows SharePoint Services 3.0 (x64) (Arabic)",e55395a75d873a116418215cbe37f8863c3e791c
ar_windows_sharepoint_services_3.0.exe,"Windows SharePoint Services 3.0 (x86) (Arabic)",2ecc73aab860cabe0ed0edac713c3c22eed90e9a
ar_windows_vista_business_with_service_pack_1_x64_dvd_x14-56289.iso,"Windows Vista Business with Service Pack 1 VL (x64) - DVD (Arabic)",9e4e0f8187adefde5451cd1d9261ae8a906d8076
ar_windows_vista_business_with_service_pack_1_x86_dvd_x14-56111.iso,"Windows Vista Business with Service Pack 1 VL (x86) - DVD (Arabic)",9bb40721cc1c24c4c40cb23a678568a8ae7e7bfd
ar_windows_vista_business_x64_dvd_vl_x13-22901.iso,"Windows Vista Business VL (x64) - DVD (Arabic)",ff974825cca87ee4acec5e0709202cf2fc3ae6f3
ar_windows_vista_business_x86_dvd_vl_x13-22932.iso,"Windows Vista Business VL (x86) - DVD (Arabic)",320f3e031a5533e5e5d2d9b98636fbaf00540617
ar_windows_vista_enterprise_with_service_pack_1_x64_dvd_x14-55839.iso,"Windows Vista Enterprise with Service Pack 1 (x64) - DVD (Arabic)",390f18b212c6f76afc31106d5c2bbfb7f8b2f603
ar_windows_vista_enterprise_with_service_pack_1_x86_dvd_x14-55718.iso,"Windows Vista Enterprise with Service Pack 1 (x86) - DVD (Arabic)",ecdce281daf63a1e3051b7c02f7bab8569e42769
ar_windows_vista_enterprise_with_sp2_x64_dvd_x15-40408.iso,"Windows Vista Enterprise with Service Pack 2 (x64) - DVD (Arabic)",47ac08bdc16283e312c1508f23465eda12ca04ee
ar_windows_vista_enterprise_with_sp2_x86_dvd_x15-40263.iso,"Windows Vista Enterprise with Service Pack 2 (x86) - DVD (Arabic)",c7c5e8836e77bf02a17d0e3c4432ea99199416c2
ar_windows_vista_enterprise_x64_dvd_vl_x13-17306.iso,"Windows Vista Enterprise (x64) - DVD (Arabic)",a7219d21463f3ec536e457ca568bdf9046db034a
ar_windows_vista_enterprise_x86_cd1_vl_x13-16425.iso,"Windows Vista Enterprise (x86) - CD 1 (Arabic)",780189bae7633c7a808e70f6ef1b82a9010d8915
ar_windows_vista_enterprise_x86_cd2_vl_x13-16428.iso,"Windows Vista Enterprise (x86) - CD 2 (Arabic)",91a7981d5c9e8c87479be4777be0ef0d80443cd2
ar_windows_vista_enterprise_x86_cd3_vl_x13-16431.iso,"Windows Vista Enterprise (x86) - CD 3 (Arabic)",d8f7fd00bfb0c669cb80887204c8c57ac2e22dd6
ar_windows_vista_enterprise_x86_vl_dvd_x13-16515.iso,"Windows Vista Enterprise (x86) - DVD (Arabic)",23e49ff0713a1712d4839fae59203fc48aaf0fe3
ar_windows_vista_upgrade_advisor.msi,"Windows Vista Upgrade Advisor 1.0 (Arabic)",376971e458d4d1c5093ce5920531cf41561fcc6c
ar_windows_vista_windows_automated_installation_kit_dvd_x13-17846.iso,"Windows Automated Installation Kit (WAIK) - DVD (Arabic)",f6141e0e9bc81e596e6cca973b757814be173f79
ar_windows_vista_with_service_pack_1_x64_dvd_x14-29630.iso,"Windows Vista with Service Pack 1 (x64) - DVD (Arabic)",839829d28a22d9ac32c3854523604ddb67056423
ar_windows_vista_with_service_pack_1_x86_dvd_x14-29596.iso,"Windows Vista with Service Pack 1 (x86) - DVD (Arabic)",256a72ab880d5ccb9ff5a4abdbe6214280a451a0
ar_windows_vista_with_sp2_x64_dvd_x15-36318.iso,"Windows Vista with Service Pack 2 (x64) - DVD (Arabic)",b284c32290d619d6dc3afee60f462b25c55f436a
ar_windows_vista_with_sp2_x86_dvd_x15-36282.iso,"Windows Vista with Service Pack 2 (x86) - DVD (Arabic)",caaa08290a55a17df9c15bd82960fbcbb179aea3
ar_windows_vista_x64_dvd_x12-61187.iso,"Windows Vista (x64) - DVD (Arabic)",d645bfa9c5d71b750a2464f0a3fbfdafb7554b71
ar_windows_vista_x86_cd1_x12-71781.iso,"Windows Vista (x86) - CD 1 (Arabic)",306a1dd62022a03ae9f233f11b8fa1131388d886
ar_windows_vista_x86_cd2_x12-71809.iso,"Windows Vista (x86) - CD 2 (Arabic)",6501466fc07eefe7326c6128233ffd8e28574d59
ar_windows_vista_x86_cd3_x12-71837.iso,"Windows Vista (x86) - CD 3 (Arabic)",aa9a678355f5c9f751f30dcda36714051d709867
ar_windows_vista_x86_cd4_x12-71868.iso,"Windows Vista (x86) - CD 4 (Arabic)",214d1c59021120dc75901b352050ec8f6678bf89
ar_windows_vista_x86_dvd_x12-59006.iso,"Windows Vista (x86) - DVD (Arabic)",504723211a9f81627e25f4495ea0a5a97398ce51
ar_windows_xp_home_with_service_pack_3_x86_cd_x14-92405.iso,"Windows XP Home with Service Pack 3 (x86) - CD (Arabic)",5016d44562767022ef4a2444cf30b9bd0560ea26
ar_windows_xp_mode_x86_x64_439180.exe,"Windows XP Mode (x86, x64) - (Arabic)",0ef6b2205533b7f6693dd029db82656d01ef8cf7
ar_windows_xp_professional_with_service_pack_3_x86_cd_vl_x14-74065.iso,"Windows XP Professional with Service Pack 3 (x86) - CD VL (Arabic)",664e85af15aab89ae172fcdae9f3566a572bdab8
ar_windows_xp_professional_with_service_pack_3_x86_cd_x14-80396.iso,"Windows XP Professional with Service Pack 3 (x86) - CD (Arabic)",22ae37b8f860d8ff7b30a82878e15931e41d1725
ar_windows_xp_service_pack_3_x86_cd_x14-61410.iso,"Windows XP Service Pack 3 (x86) - CD (Arabic)",bf0ddf4e47705010956b8d399ee09fe7346fe34d
ar_winxp_home_iso.img,"Windows XP Home Edition (Arabic) ISO CD Image",64ea20503ddab43d898b7a972802afb2be1566a1
ar_winxp_home_with_sp2.iso,"Windows XP Home Edition with Service Pack 2 (Arabic)",0facfa81ad2de3f93e8c309cc9d900514bbc8110
ar_winxp_pro_iso.img,"Windows XP Professional (Arabic)",a2cb395abfcd8d47dedca458e46e8aec02995ccb
ar_winxp_pro_vl_iso.img,"Windows XP Professional (VL) ISO CD Image (Arabic)",5f4254812eaf0590d5217e1b3aa99cced4947a35
ar_winxp_pro_with_sp2.iso,"Windows XP Professional with Service Pack 2 (Arabic)",e123fb77a85408dc70751869d74e515ab6b1d8f0
ar_winxp_sp1.iso,"Windows XP Service Pack 1a (Arabic)",0f2de3d664793110b0ad64eef6b5f035827da567
ar_winxp_sp2.iso,"Windows XP Service Pack 2 (Arabic)",0b2f3a582ca12d01753a2e84625076e0210d63cc
ar_wss_with_sp2.exe,"Windows SharePoint Services with Service Pack 2 (Arabic)",8c4c98c78f6da12926914f647812317efea76599
as_ui_strings_glossary_october_2014_x86_x64_5643761.zip,"UI Strings Glossary October 2014 (x86 and x64) - (Assamese)",afb0d43faea7e4de2960e02a11a18cc475fc6478
axtapa_3.0.exe,"Axapta 3.0 (English)",2490079802800d4fc648ee51785fa23c72657ebc
az_ui_strings_glossary_october_2014_x86_x64_5643761.zip,"UI Strings Glossary October 2014 (x86 and x64) - (Azerbaijani)",5185f4cd612c9e29e79696a75cd968058db9cc1f
az-latn-az_sharepoint_server_2010_language_pack_with_service_pack_2_x64_4173472.exe,"SharePoint Server 2010 Language Pack with Service Pack 2 (x64) - (Azeri-Latin, Azerbaijan)",0def0242b14f62c96893ce3840b70b75447cb8d7
