be_ui_strings_glossary_october_2014_x86_x64_5643761.zip,"UI Strings Glossary October 2014 (x86 and x64) - (Belarusian)",dd3c6c6b02b739ca8b4fb6b800249ddea04946cd
bg_2007_microsoft_office_suite_service_pack_2_x86.exe,"2007 Microsoft Office Suite Service Pack 2 (x86) - (Bulgarian)",10bc616c52f88f854864d7f92035642bdebd6895
bg_access_2010_x64_559985.exe,"Access 2010 (x64) - (Bulgarian)",cd2571a2cd878c660450f4768761e54580b4c3d1
bg_access_2010_x86_559954.exe,"Access 2010 (x86) - (Bulgarian)",557fafdc3982fc484508f7e23136c865fe158832
bg_access_2010_x86_x64_dvd_559978.iso,"Access 2010 (x86 and x64) - DVD (Bulgarian)",c0fbf56ea873dbb43d274dedc6971af9c11573c6
bg_access_2013_x64_1692154.exe,"Access 2013 (x64) - (Bulgarian)",9bbd88fa6f564652f86f7befae0d2a48408ec48d
bg_access_2013_x86_1692153.exe,"Access 2013 (x86) - (Bulgarian)",8129de99a4c5c40a8f0e72a787404f47a425de4b
bg_access_2013_x86_x64_dvd_1692157.iso,"Access 2013 (x86 and x64) - DVD (Bulgarian)",0215fa151a446e367a732e064683595470e91396
bg_business_contact_manager_for_outlook_2010_x64_511394.exe,"Business Contact Manager for Outlook 2010 (x64) - (Bulgarian)",43eb987329b5219a4f2027b5365a14d6fc7d28cf
bg_business_contact_manager_for_outlook_2010_x86_511389.exe,"Business Contact Manager for Outlook 2010 (x86) - (Bulgarian)",956415ecd9e4e923cb840337b38cb21f26cbff0c
bg_business_contact_manager_for_outlook_2010_x86_x64_dvd_511391.iso,"Business Contact Manager for Outlook 2010 (x86 and x64) - DVD (Bulgarian)",8bd773f890e486b73f38fb56e05179fe8bfd994c
bg_cs_da_nl_et_fi_el_hu_it_lv_lt_no_pl_pp_ro_sk_sl_sv_windows_vista_with_sp2_global_language_pack_x64_dvd_x15-40577.iso,"Windows Vista with Service Pack 2 Global Language Pack (x64) - DVD (Multiple Languages - See Details)",76012e8888ab6b53b4b68d7950971936741cd697
bg_cs_da_nl_et_fi_el_hu_it_lv_lt_no_pl_pp_ro_sk_sl_sv_windows_vista_with_sp2_global_language_pack_x86_dvd_x15-40501.iso,"Windows Vista with Service Pack 2 Global Language Pack (x86) - DVD (Multiple Languages - See Details)",d7b958ae91af0baf6bccf57abe848910bf936ce0
bg_dynamics_nav_2009_r2_x86_dvd_617266.iso,"Dynamics NAV 2009 R2 (x86) - DVD (Bulgarian)",d5dd62906b9eb13e523535ae24bc378f87806505
bg_hr_ro_sr_sk_sl_th_disc_6_office_professional_2003_mui_x86_cd.iso,"Disc 6: Office Professional 2003 Multilingual User Interface (x86) - CD (Bulgarian, Croatian, Romanian, Serbian, Slovak, Slovenian, Thai)",e003edeba2600c3949a72de0e1d1a817138dec6c
bg_infopath_2010_x64_559979.exe,"InfoPath 2010 (x64) - (Bulgarian)",c371a38b04f8917dd8d87b63b15e8d7a2d33c398
bg_infopath_2010_x86_559983.exe,"InfoPath 2010 (x86) - (Bulgarian)",0460888d492557bbcbc7d3aab87e2ea95d6decdd
bg_infopath_2010_x86_x64_dvd_560002.iso,"InfoPath 2010 (x86 and x64) - DVD (Bulgarian)",4d86225dfa4a354eb18a3aa70f553d924f3bc419
bg_infopath_2013_x64_1680012.exe,"InfoPath 2013 (x64) - (Bulgarian)",efd021aef42a88e221c0619daa5df6baeb84ad1c
bg_infopath_2013_x86_1680010.exe,"InfoPath 2013 (x86) - (Bulgarian)",c78e78dfb629fce8673cff2cb5c11e549cbb3150
bg_infopath_2013_x86_x64_dvd_1680014.iso,"InfoPath 2013 (x86 and x64) - DVD (Bulgarian)",a4cf576ed9d55c428680caba29f017b0d7f6f190
bg_lync_2010_x64_615697.exe,"Lync 2010 (x64) - (Bulgarian)",7b2088574beae2c2daab3d508a35b96d7b384e92
bg_lync_2010_x86_615692.exe,"Lync 2010 (x86) - (Bulgarian)",090b42aa7cd568e925bec29a4d60bbf144bc120a
bg_lync_2013_with_sp1_x86_and_x64_dvd_3857325.iso,"Lync 2013 with Service Pack 1 (x86 and x64) - DVD (Bulgarian)",ec532f7075d6bac9e0a39950011aab0568f17dad
bg_lync_2013_x86_x64_dvd_1680055.iso,"Lync 2013 (x86 and x64) - DVD (Bulgarian)",2af75132e905417cd9936a6f99e843d0a0a3ed5e
bg_microsoft_dynamics_crm_2011_language_pack_x64.exe,"Microsoft Dynamics CRM 2011 Language Pack (x64) -  (Bulgarian)",9e380f0a4a6ca428446a6a75c7822455e97974f1
bg_microsoft_dynamics_crm_2011_language_pack_x86.exe,"Microsoft Dynamics CRM 2011 Language Pack (x86) -  (Bulgarian)",9689f34035517f837f32cc5022d43ea0f220c418
bg_microsoft_dynamics_crm_2013_language_pack_sp1_x64_4330441.exe,"Microsoft Dynamics CRM 2013 Language Pack SP1 (x64) - (Bulgarian)",5eefc454400d759f88f40da7162fc69fbee82319
bg_microsoft_dynamics_crm_2013_language_pack_sp1_x86_4330441.exe,"Microsoft Dynamics CRM 2013 Language Pack SP1 (x86) - (Bulgarian)",e25f722b4013229583030aa6bc30111559c3b89d
bg_microsoft_dynamics_crm_2013_language_pack_x64.exe,"Microsoft Dynamics CRM 2013 Language Pack (x64) - (Bulgarian)",dfca12a18c103b8d6aa6ede86789dcb5f7b846fb
bg_microsoft_dynamics_crm_2013_language_pack_x86.exe,"Microsoft Dynamics CRM 2013 Language Pack (x86) - (Bulgarian)",a21628df0e48a4a9b48d4bb29c6ee555962f95f8
bg_office_2003_service_pack_3_x86.exe,"Office 2003 Service Pack 3 (x86) - (Bulgarian)",07e927868c4a172d552c9ac3ae618d8b1ab8d853
bg_office_2003_sp1.iso,"Office 2003 Service Pack 1 (Bulgarian)",b0e672ebc9486eca5c374ebb8a13b79bd9489543
bg_office_2003_sp2.exe,"Office 2003 Service Pack 2 (Bulgarian)",3d1016ca7991d757d8aab731441a5005362b1642
bg_office_2003_sr2_for_mui.exe,"Office 2003 Service Pack 2 for Multilingual User Interface Pack (Bulgarian)",42a2154403bc07a357e7da8093a870c8b2824b15
bg_office_2013_single_language_pack_with_sp1_x64_3857819.exe,"Office 2013 Single Language Pack with Service Pack 1 (x64) - (Bulgarian)",9485ccd5f1b2f07fa7503eadc19ed703b511a356
bg_office_2013_single_language_pack_with_sp1_x86_3857815.exe,"Office 2013 Single Language Pack with Service Pack 1 (x86) - (Bulgarian)",f7e0210defa2427492c5dfeb496c9b839e4769df
bg_office_2013_single_language_pack_with_sp1_x86_and_x64_dvd_3857823.iso,"Office 2013 Single Language Pack with Service Pack 1 (x86 and x64) - DVD (Bulgarian)",962b10e76bff1710ad51a48439a5c885a4396411
bg_office_2013_single_language_pack_x64_dvd_1679705.iso,"Office 2013 Single Language Pack (x64) - DVD (Bulgarian)",45b275feffd83193f92a38aaa7a716c207398d35
bg_office_2013_single_language_pack_x86_dvd_1679703.iso,"Office 2013 Single Language Pack (x86) - DVD (Bulgarian)",71a040ff2ab93dcb757da2c8d20e7b17af6c2c0c
bg_office_2013_single_language_pack_x86_x64_dvd_1679706.iso,"Office 2013 Single Language Pack (x86 and x64) - DVD (Bulgarian)",748033bf4161dca91ad7ec5ece7d05b23a771068
bg_office_access_2007_cd_x12-19130.iso,"Office Access 2007 (Bulgarian)",58dd679cf06b47de7e70a5925d72253c0b5f7a94
bg_office_business_contact_manager_2007_cd_x12-44195.iso,"Office Business Contact Manager 2007 (Bulgarian)",ca2fe2d1603d46cecbbe0c30405b2d4e169e1796
bg_office_communicator_2007_r2_x86_cd_328444.iso,"Office Communicator 2007 R2 (x86) - CD (Bulgarian)",b209c955602526af3b305d2b100b8840306b7320
bg_office_communicator_2007_x86_cd_x13-78470.iso,"Office Communicator 2007 (x86) - CD (Bulgarian)",d166b4c6d1f21d327d0b488411d930eab77d526f
bg_office_enterprise_2007_dvd_vl_x12-19566.iso,"Office Enterprise 2007 - DVD (Bulgarian)",d8582262341ffab8d6914e996aa5915bde1ef2a2
bg_office_enterprise_2007_united_states_x86_dvd_481230.iso,"Office Enterprise 2007 (x86) - DVD (Bulgarian) (United States)",794d3da9c897461c799a0d5f383354e98b9c3a04
bg_office_groove_2007_cd_x12-19131.iso,"Office Groove 2007 (Bulgarian)",d95d4a9faf2f510f49e6f28d9e0ee307ab640889
bg_office_infopath_2007_cd_x12-19116.iso,"Office InfoPath 2007 (Bulgarian)",5534805759c8f96659714fff5a10d5e7f43a323d
bg_office_language_pack_2007_cd_x12-47260.iso,"Office 2007 Language Pack (Bulgarian)",74b2ac143fca888812580f93fe66fb71a5efc7f5
bg_office_language_pack_2010_x64_560010.exe,"Office 2010 Language Pack (x64) - (Bulgarian)",c6c5f3540bd44c51f721162cea3c234eff79df16
bg_office_language_pack_2010_x64_dvd_560459.iso,"Office 2010 Language Pack (x64) - DVD (Bulgarian)",e136289016e2542fa8cb8f04bd3f962cd9243d51
bg_office_language_pack_2010_x86_560003.exe,"Office 2010 Language Pack (x86) - (Bulgarian)",df1e6f135361e37b8a85198fddd50821063b8e36
bg_office_language_pack_2010_x86_dvd_560479.iso,"Office 2010 Language Pack (x86) - DVD (Bulgarian)",5ff90f49823549d7959d8b1f803a91397b20f1a6
bg_office_language_pack_2010_x86_x64_dvd_560031.iso,"Office 2010 Language Pack (x86 and x64) - DVD (Bulgarian)",8f01e12513afa312d00a029f6593b9117c969202
bg_office_onenote_2007_cd_x12-19117.iso,"Office OneNote 2007 (Bulgarian)",57d200ee09f7e66dfd32c6291d83a224ce1339ec
bg_office_outlook_2007_cd_x12-19122.iso,"Office Outlook 2007 (Bulgarian)",8fa76dbd2a5612bb05adf93e81b7cc9dd558d48a
bg_office_professional_2007_cd_x12-46619.iso,"Office Professional 2007 (Bulgarian)",20bc6924b67bbf7fcc6839b506d21685d1faa20b
bg_office_professional_2007_united_states_x86__cd_480195.iso,"Office Professional 2007 (x86) - CD (Bulgarian) (United States)",fe078ce03be42fcfe3caafcec37f1d6df6beee58
bg_office_professional_plus_2007_cd_x12-38651.iso,"Office Professional Plus 2007 (Bulgarian)",ccbc1fdf606dc2675fa77a748653693be410542e
bg_office_professional_plus_2007_united_states_x86_cd_481547.iso,"Office Professional Plus 2007 (x86) - CD (Bulgarian) (United States)",821358d0a64ac4ff3489e2ed3d537e3e3e204ecd
bg_office_professional_plus_2010_with_sp1_x86_x64_dvd_732954.iso,"Office Professional Plus 2010 with Service Pack 1 (x86 and x64) - DVD (Bulgarian) ",7a8ac1904df20716146e5caa8ed54cd9cd69ee91
bg_office_professional_plus_2010_x64_560030.exe,"Office Professional Plus 2010 (x64) - (Bulgarian)",6dbb8ca30ecb4a2277fdcf460d48eb2614fc4ca3
bg_office_professional_plus_2010_x86_560007.exe,"Office Professional Plus 2010 (x86) - (Bulgarian)",1b1646e7fade00399b5492f5bbbc9777c023dd00
bg_office_professional_plus_2010_x86_x64_dvd_560033.iso,"Office Professional Plus 2010 (x86 and x64) - DVD (Bulgarian)",ba51d7ece54f320be1e6a97cac3a49416cfa1309
bg_office_professional_plus_2013_with_sp1_x64_dvd_3921846.iso,"Office Professional Plus 2013 with Service Pack 1 (x64) - DVD (Bulgarian)",fa86091dcf5e3f56f4fe18eb6802b8ff1d8b8046
bg_office_professional_plus_2013_with_sp1_x86_and_x64_dvd_3921850.iso,"Office Professional Plus 2013 with Service Pack 1 (x86 and x64) - DVD (Bulgarian)",a9cb9c2489039d0f0c2216a18a0626d64d9c2171
bg_office_professional_plus_2013_with_sp1_x86_dvd_3921841.iso,"Office Professional Plus 2013 with Service Pack 1 (x86) - DVD (Bulgarian)",e0d80eb2d79b80f39afd6636ff9e8b390c77f043
bg_office_professional_plus_2013_x64_dvd_1676836.iso,"Office Professional Plus 2013 (x64) - DVD (Bulgarian)",c990cf1239dd37a55304a5554ec7c237b0e1767a
bg_office_professional_plus_2013_x86_dvd_1676828.iso,"Office Professional Plus 2013 (x86) - DVD (Bulgarian)",e1fe1c2066848d524f48ee8384e09f1eaf9e403c
bg_office_professional_plus_2013_x86_x64_dvd_1679640.iso,"Office Professional Plus 2013 (x86 and x64) - DVD (Bulgarian)",ba30b74b397457e5d3ca8b0f08816eda302a9c1e
bg_office_publisher_2007_cd_x12-19124.iso,"Office Publisher 2007 (Bulgarian)",92962f76e41b9e8deb43286b5025e7d2078664a2
bg_office_servers_2013_language_pack_with_service_pack_1_x64_dvd_3857368.iso,"Office Servers 2013 Language Pack with Service Pack 1 (x64) - DVD (Bulgarian)",2f5bb15476e2151e5e0b2fa019f6a944a80b77e8
bg_office_servers_2013_language_pack_x64_dvd_1677022.iso,"Office Servers 2013 Language Pack (x64) - DVD (Bulgarian)",fa12ad6bcd7abf5fd8e1d7bd1497800ae630c9ca
bg_office_servers_language_pack_2010_x64_560028.exe,"Office Servers 2010 Language Pack (x64) - (Bulgarian)",1f40832dfcda2a70da59fb895f6227b29ad26c61
bg_office_servers_language_pack_2010_x64_dvd_560468.iso,"Office Servers 2010 Language Pack (x64) - DVD (Bulgarian)",f7b774ec79462c0cc3f6f12b1b2a81ed131d8df3
bg_office_standard_2007_united_states_x86_cd_481209.iso,"Office Standard 2007 (x86) - CD (Bulgarian) (United States)",e760897f3c5ec7c75834a95a6e6d5314ba501a77
bg_office_standard_2007_x86_cd_x12-19118.iso,"Office Standard 2007 (x86) - CD (Bulgarian)",0197aba9d6968c6d0a7a72ff0d37fc879cd5ab85
bg_office_standard_2010_with_sp1_x86_x64_dvd_732960.iso,"Office Standard 2010 with Service Pack 1 (x86 and x64) - DVD (Bulgarian) ",330b4728c53904c077e0a11bea2170d5f4679120
bg_office_standard_2010_x64_560024.exe,"Office Standard 2010 (x64) - (Bulgarian)",ca7ad37da189c7eb7a4bb2397bf079026892bb3a
bg_office_standard_2010_x86_560019.exe,"Office Standard 2010 (x86) - (Bulgarian)",5915d6cbdb62784e393b29c5ce82bdee23fe65d2
bg_office_standard_2010_x86_x64_dvd_560040.iso,"Office Standard 2010 (x86 and x64) - DVD (Bulgarian)",5108d1a4c9ee1182cb79298a374c928c83e673cd
bg_office_suite_2007_service_pack_1_x86_cd_x13-87869.iso,"Office Suite 2007 Service Pack 1 (x86) - CD (Bulgarian)",2bdc8bbebd3b09016157ac0770bf59ae38471517
bg_office_ultimate_2007_dvd_x12-22239.iso,"Office Ultimate 2007 - DVD (Bulgarian)",6d698c392550513516277dd39906ba36e446357d
bg_office_ultimate_2007_united_states_x86_dvd_481651.iso,"Office Ultimate 2007 (x86) - DVD (Bulgarian) (United States)",5132a07393a21995bd15a9f87085e62b8487897c
bg_office_xp_professional_cd_x10-33610.iso,"Office XP Professional - CD (Bulgarian)",0995a8f3576bdce957e1dafd2df7864d6cdaf913
bg_office_xp_sp3.iso,"Office XP Service Pack 3 (Bulgarian)",b94d2c9098dccdef35bab6b7748071b9c9ee4586
bg_onenote_2010_x64_560069.exe,"OneNote 2010 (x64) - (Bulgarian)",a1ec73c7164de5f58cc94c20e2d031e36d59b021
bg_onenote_2010_x86_560045.exe,"OneNote 2010 (x86) - (Bulgarian)",d631b5db63465ca84bc5ff9842bc9fa1a55f169c
bg_onenote_2010_x86_x64_dvd_560038.iso,"OneNote 2010 (x86 and x64) - DVD (Bulgarian)",a4543d47a89ab48c89e82f1c7248f05e2620b092
bg_onenote_2013_x64_1688959.exe,"OneNote 2013 (x64) - (Bulgarian)",468617ac36a2240c92089349f9f50b3067731cf3
bg_onenote_2013_x86_1688954.exe,"OneNote 2013 (x86) - (Bulgarian)",0eef3b12e4a66a931889e2afd40ab4129f503237
bg_onenote_2013_x86_x64_dvd_1688961.iso,"OneNote 2013 (x86 and x64) - DVD (Bulgarian)",5443a0629c5b927a1de6e6c749efd33e0f36065b
bg_outlook_2010_x64_560027.exe,"Outlook 2010 (x64) - (Bulgarian)",77dd5395ad11769af8034216627084e0eaff0be1
bg_outlook_2010_x86_560026.exe,"Outlook 2010 (x86) - (Bulgarian)",62beddccc31dff010eec511c2f269696cac355c8
bg_outlook_2010_x86_x64_dvd_560005.iso,"Outlook 2010 (x86 and x64) - DVD (Bulgarian)",96efa5357134b84bb365355e315c77cb35bf39dd
bg_publisher_2010_x64_559997.exe,"Publisher 2010 (x64) - (Bulgarian)",957094ea11ec6f80ad15fe9e400f36de4d3bcd94
bg_publisher_2010_x86_560046.exe,"Publisher 2010 (x86) - (Bulgarian)",de993988f8868447b55bc2ffa2610138f93d10ba
bg_publisher_2010_x86_x64_dvd_560001.iso,"Publisher 2010 (x86 and x64) - DVD (Bulgarian)",bed9ba7192eb6dd63379459bc51dff876e78be55
bg_sharepoint_designer_2010_x64_638096.exe,"SharePoint Designer 2010 (x64) - (Bulgarian)",ed809cf08647f85decd45affeafc390cca0e9777
bg_sharepoint_designer_2010_x86_638095.exe,"SharePoint Designer 2010 (x86) - (Bulgarian)",a255bcc862b8acee8c660b9b9677d27357c1092d
bg_sharepoint_designer_2013_with_sp1_x64_3948116.exe,"SharePoint Designer 2013 with Service Pack 1 (x64) - (Bulgarian)",5685d5e64e9e24231a8b8447729a479d40ccdcb5
bg_sharepoint_designer_2013_with_sp1_x86_3948126.exe,"SharePoint Designer 2013 with Service Pack 1 (x86) - (Bulgarian)",4198d1317e6ddac0c3d2e22a45cb7957fa54f42d
bg_sharepoint_designer_2013_x64_1692150.exe,"SharePoint Designer 2013 (x64) - (Bulgarian)",3b94df01cd979ab2e870ef4d995176bd96aa1896
bg_sharepoint_designer_2013_x86_1692149.exe,"SharePoint Designer 2013 (x86) - (Bulgarian)",c3ee775d11155b33fb51f152fc9b731cf1bad058
bg_sharepoint_server_2010_language_pack_with_service_pack_2_x64_4173468.exe,"SharePoint Server 2010 Language Pack with Service Pack 2 (x64) - (Bulgarian)",4d01c73e7b8190cf7bdee6e5fa225ca6ceb3542e
bg_sharepoint_workspace_2010_x64_559989.exe,"SharePoint Workspace 2010 (x64) - (Bulgarian)",5d7793b2da51fba95db7df8ba45bffbf02482d97
bg_sharepoint_workspace_2010_x86_559998.exe,"SharePoint Workspace 2010 (x86) - (Bulgarian)",3910c710c92314c79cadf98dbc2c2a5020024480
bg_sharepoint_workspace_2010_x86_x64_dvd_559993.iso,"SharePoint Workspace 2010 (x86 and x64) - DVD (Bulgarian)",d34eb37f3fa4dd67611cfdb5935717a374d518b7
bg_ui_strings_glossary_october_2014_x86_x64_5643761.zip,"UI Strings Glossary October 2014 (x86 and x64) - (Bulgarian)",1aa24a62b3a009094ecc32764a08e09e16220918
bg_windows_7_enterprise_n_with_sp1_x64_dvd_u_677746.iso,"Windows 7 Enterprise N with Service Pack 1 (x64) - DVD (Bulgarian)",62552c7c529dcd9e76309b29a9d733deedc89d18
bg_windows_7_enterprise_n_with_sp1_x86_dvd_u_677810.iso,"Windows 7 Enterprise N with Service Pack 1 (x86) - DVD (Bulgarian)",708696e59e4d1a698b9187ad8480d740d38f8a4b
bg_windows_7_enterprise_n_x64_dvd_x16-11959.iso,"Windows 7 Enterprise N (x64) - DVD (Bulgarian)",ccfbff77c12f4b89838ac1440b5185c116f61998
bg_windows_7_enterprise_n_x86_dvd_x16-11951.iso,"Windows 7 Enterprise N (x86) - DVD (Bulgarian)",0654537f9a5470feacf006c87478d329d45f63ee
bg_windows_7_enterprise_with_sp1_x64_dvd_u_677644.iso,"Windows 7 Enterprise with Service Pack 1 (x64) - DVD (Bulgarian)",663cc5c033349edb33d249dc027bc5dcc662cdbf
bg_windows_7_enterprise_with_sp1_x86_dvd_u_677693.iso,"Windows 7 Enterprise with Service Pack 1 (x86) - DVD (Bulgarian)",4db6291b66a4fee786640bfd9ac904a0b714d400
bg_windows_7_enterprise_x64_dvd_x15-70773.iso,"Windows 7 Enterprise (x64) - DVD (Bulgarian)",1f58de61b279345382e29d93bb0d13fa7c8243de
bg_windows_7_enterprise_x86_dvd_x15-70769.iso,"Windows 7 Enterprise (x86) - DVD (Bulgarian)",d1f71dc4f8de8222b3b2836e67692d09c4e67875
bg_windows_7_home_basic_with_sp1_x86_dvd_u_676463.iso,"Windows 7 Home Basic with Service Pack 1 (x86) - DVD (Bulgarian)",93b055616103dfb5777baa2c366b69957fb413ef
bg_windows_7_home_basic_x86_dvd_x15-65640.iso,"Windows 7 Home Basic (x86) - DVD (Bulgarian)",e121efbe588f4ca04fb3ae295f0be57d63f36634
bg_windows_7_home_premium_n_with_sp1_x64_dvd_u_676813.iso,"Windows 7 Home Premium N with Service Pack 1 (x64) - DVD (Bulgarian)",97e86f5e8e5a9db604e74df9a53742da02a31201
bg_windows_7_home_premium_n_with_sp1_x86_dvd_u_676878.iso,"Windows 7 Home Premium N with Service Pack 1 (x86) - DVD (Bulgarian)",ceadb08c01abf03dce4ccc6d03c56ebfc16e40dd
bg_windows_7_home_premium_n_x64_dvd_x16-13415.iso,"Windows 7 Home Premium N (x64) - DVD (Bulgarian)",72a8d5027ef2c00aa0e28b8fe88c928e36dc3699
bg_windows_7_home_premium_n_x86_dvd_x16-13413.iso,"Windows 7 Home Premium N (x86) - DVD (Bulgarian)",cf70a0e475dd6c2b0765a2960f4069af0c527dfb
bg_windows_7_home_premium_with_sp1_x64_dvd_u_676515.iso,"Windows 7 Home Premium with Service Pack 1 (x64) - DVD (Bulgarian)",8fcdd624f18ccefe34eaac2f76b551104001eac0
bg_windows_7_home_premium_with_sp1_x86_dvd_u_676671.iso,"Windows 7 Home Premium with Service Pack 1 (x86) - DVD (Bulgarian)",889d28cffaa09c4324debe6b1769d0f6f3e5cfb4
bg_windows_7_home_premium_x64_dvd_x15-65716.iso,"Windows 7 Home Premium (x64) - DVD (Bulgarian)",e17e0fb5fa92e3abfb7a4eb247421bc91f445c0f
bg_windows_7_home_premium_x86_dvd_x15-65715.iso,"Windows 7 Home Premium (x86) - DVD (Bulgarian)",b434495ebdd3e4e5630e1be01de41237e6e21e9a
bg_windows_7_professional_n_with_sp1_x64_dvd_u_677146.iso,"Windows 7 Professional N with Service Pack 1 (x64) - DVD (Bulgarian)",52850290342ab85e5441a3e92fe19663b68c460f
bg_windows_7_professional_n_with_sp1_x86_dvd_u_677283.iso,"Windows 7 Professional N with Service Pack 1 (x86) - DVD (Bulgarian)",e6ace01ec0ace5b75be229d0b5740b76ca367ee5
bg_windows_7_professional_n_x64_dvd_x16-13530.iso,"Windows 7 Professional N (x64) - DVD (Bulgarian)",1ca63ac55d4af3aad25c548ad8df731400da49e1
bg_windows_7_professional_n_x86_dvd_x16-13528.iso,"Windows 7 Professional N (x86) - DVD (Bulgarian)",68cca670ac1ddbdad00f62c2c04fd0a34a3e5c37
bg_windows_7_professional_vl_build_x64_dvd_x15-71061.iso,"Windows 7 Professional, VL Build (x64) - DVD (Bulgarian)",eaca3d8eb38faae39b1a96bc4498b8e85331195b
bg_windows_7_professional_vl_build_x86_dvd_x15-71057.iso,"Windows 7 Professional, VL Build (x86) - DVD (Bulgarian)",3cdfc2eba9f8e2102904e86f0b368e2941083dc0
bg_windows_7_professional_with_sp1_vl_build_x64_dvd_u_677761.iso,"Windows 7 Professional with Service Pack 1, VL Build (x64) - DVD (Bulgarian)",4dff3ca788468225da04ee6a535511f383397d51
bg_windows_7_professional_with_sp1_vl_build_x86_dvd_u_677846.iso,"Windows 7 Professional with Service Pack 1, VL Build (x86) - DVD (Bulgarian)",72157ab8ef1dce6145131fa049ee9ea516c60827
bg_windows_7_professional_with_sp1_x64_dvd_u_676949.iso,"Windows 7 Professional with Service Pack 1 (x64) - DVD (Bulgarian)",21cfe6c473b9387bd3874d47bf93906a4e8b6c4f
bg_windows_7_professional_with_sp1_x86_dvd_u_677065.iso,"Windows 7 Professional with Service Pack 1 (x86) - DVD (Bulgarian)",06e307a1e9e62da45e8bf3bb8f8c830058427782
bg_windows_7_professional_x64_dvd_x15-65789.iso,"Windows 7 Professional (x64) - DVD (Bulgarian)",79b8d1105466970c4d28c0d5a8c8302303b8c065
bg_windows_7_professional_x86_dvd_x15-65788.iso,"Windows 7 Professional (x86) - DVD (Bulgarian)",d6d85cecd0cf4aff5ee97d78eaf299f3b85eee84
bg_windows_7_starter_n_with_sp1_x86_dvd_u_678269.iso,"Windows 7 Starter N with Service Pack 1 (x86) - DVD (Bulgarian)",4ecbcb9f1058e8c4c71709d55cde114e06b5f710
bg_windows_7_starter_n_x86_dvd_x16-15929.iso,"Windows 7 Starter N (x86) - DVD (Bulgarian)",2c15a813adca0be1ad240dba806142699362a67d
bg_windows_7_starter_with_sp1_x86_dvd_u_678517.iso,"Windows 7 Starter with Service Pack 1 (x86) - DVD (Bulgarian)",f08482227f26009c5d2b96ca0333399c5b656e72
bg_windows_7_starter_x86_dvd_x15-69358.iso,"Windows 7 Starter (x86) - DVD (Bulgarian)",1ae8922a269abb8eeffc9f0cfcf34f7885f2f582
bg_windows_7_ultimate_n_with_sp1_x64_dvd_u_677532.iso,"Windows 7 Ultimate N with Service Pack 1 (x64) - DVD (Bulgarian)",b18fd3cab857ebbd2afe067dbda192d597a1c6bf
bg_windows_7_ultimate_n_with_sp1_x86_dvd_u_677591.iso,"Windows 7 Ultimate N with Service Pack 1 (x86) - DVD (Bulgarian)",5cac9a3da5b093ca24763432b4f7ce9a6839b375
bg_windows_7_ultimate_n_x64_dvd_x16-13622.iso,"Windows 7 Ultimate N (x64) - DVD (Bulgarian)",be51bf609cc28d21e977e0fdd8a46d930ed47509
bg_windows_7_ultimate_n_x86_dvd_x16-13620.iso,"Windows 7 Ultimate N (x86) - DVD (Bulgarian)",cb8c81b244bbdf258dd134e6b3840599c1f4558f
bg_windows_7_ultimate_with_sp1_x64_dvd_u_677363.iso,"Windows 7 Ultimate with Service Pack 1 (x64) - DVD (Bulgarian)",f408a16822a0445b68db294707a06cbe874704ec
bg_windows_7_ultimate_with_sp1_x86_dvd_u_677450.iso,"Windows 7 Ultimate with Service Pack 1 (x86) - DVD (Bulgarian)",94885a1482db7fcc00eed5460ec32b75b4db0a86
bg_windows_7_ultimate_x64_dvd_x15-65906.iso,"Windows 7 Ultimate (x64) - DVD (Bulgarian)",db08e9b0d4713696ff3f93498f7cce74289b5904
bg_windows_7_ultimate_x86_dvd_x15-65905.iso,"Windows 7 Ultimate (x86) - DVD (Bulgarian)",704b86eb4c672bebe65204ded4ca39eb1f2ef087
bg_windows_8_1_enterprise_n_x64_dvd_2971837.iso,"Windows 8.1 Enterprise N (x64) - DVD (Bulgarian)",0cbaa21fdb3a045eb236d20015338d89e0aa8028
bg_windows_8_1_enterprise_n_x86_dvd_2971840.iso,"Windows 8.1 Enterprise N (x86) - DVD (Bulgarian)",3b03deec6233219f284da8cb7a45f1445868d589
bg_windows_8_1_enterprise_x64_dvd_2971860.iso,"Windows 8.1 Enterprise (x64) - DVD (Bulgarian)",257ef663db04673578b0e970713cdd1aa4ff2614
bg_windows_8_1_enterprise_x86_dvd_2972254.iso,"Windows 8.1 Enterprise (x86) - DVD (Bulgarian)",79fb6f28e63395fd57cca5ad787c8920f3e48488
bg_windows_8_1_n_x64_dvd_2707881.iso,"Windows 8.1 N (multiple editions) (x64) - DVD (Bulgarian)",3a8323a6ccd1f91d1d3fbbca671462ef35a6143a
bg_windows_8_1_n_x86_dvd_2707880.iso,"Windows 8.1 N (multiple editions) (x86) - DVD (Bulgarian)",2d190dc35f95aaa75eda800e09ba89cb3581ca31
bg_windows_8_1_pro_n_vl_x64_dvd_2971927.iso,"Windows 8.1 Pro N VL (x64) - DVD (Bulgarian)",b2581f7097e622972335403bfa13cee9d089bf07
bg_windows_8_1_pro_n_vl_x86_dvd_2972704.iso,"Windows 8.1 Pro N VL (x86) - DVD (Bulgarian)",40edf6739924d0f94c88f3ccd7b0c41fb796ee9d
bg_windows_8_1_pro_vl_x64_dvd_2971899.iso,"Windows 8.1 Pro VL (x64) - DVD (Bulgarian)",5d8980e7a9ac2620641b61386b59b6a7d3176e2b
bg_windows_8_1_pro_vl_x86_dvd_2972619.iso,"Windows 8.1 Pro VL (x86) - DVD (Bulgarian)",b6477a47fcf4b83eaa45792670f3e7620a528905
bg_windows_8_1_x64_dvd_2707415.iso,"Windows 8.1 (multiple editions) (x64) - DVD (Bulgarian)",b607c5ff11f3cfbc16e2e7e07b052020396bc7d5
bg_windows_8_1_x86_dvd_2707537.iso,"Windows 8.1 (multiple editions) (x86) - DVD (Bulgarian)",d58e1ff9b97831182b5614c3f49b48c41a13ab13
bg_windows_8_enterprise_n_x64_dvd_917959.iso,"Windows 8 Enterprise N (x64) - DVD (Bulgarian)",727bb91282673b33b6858ee80b4f289d24c9c551
bg_windows_8_enterprise_n_x86_dvd_918702.iso,"Windows 8 Enterprise N (x86) - DVD (Bulgarian)",cb4d404f57b0ac9536ac3232123f1e8295739723
bg_windows_8_enterprise_x64_dvd_917528.iso,"Windows 8 Enterprise (x64) - DVD (Bulgarian)",33662020418b210d6db13a7e003f2144ab53fb61
bg_windows_8_enterprise_x86_dvd_917592.iso,"Windows 8 Enterprise (x86) - DVD (Bulgarian)",17cf48c48ed72dff1fb7243e08f33626c477c873
bg_windows_8_n_x64_dvd_916085.iso,"Windows 8 N (multiple editions) (x64) - DVD (Bulgarian)",3b1c42cf7dbe6853359dd6c03eea4bacf90fd13b
bg_windows_8_n_x86_dvd_916076.iso,"Windows 8 N (multiple editions) (x86) - DVD (Bulgarian)",aba4adebc046644103473c66ff6ff2b83e98c75f
bg_windows_8_pro_n_vl_x64_dvd_918670.iso,"Windows 8 Pro N VL (x64) - DVD (Bulgarian)",e8e625ac990f7ac708b2847139212d216bd4e7b2
bg_windows_8_pro_n_vl_x86_dvd_918874.iso,"Windows 8 Pro N VL (x86) - DVD (Bulgarian)",4fa99ff5579460228bad27564e496010be038ce7
bg_windows_8_pro_vl_x64_dvd_917696.iso,"Windows 8 Pro VL (x64) - DVD (Bulgarian)",afc742117b8e227346cd22d2428715f6f979c04e
bg_windows_8_pro_vl_x86_dvd_917827.iso,"Windows 8 Pro VL (x86) - DVD (Bulgarian)",eab62fe1d81464626a0a1403110bfb7ce517a3fe
bg_windows_8_x64_dvd_915455.iso,"Windows 8 (multiple editions) (x64) - DVD (Bulgarian)",ef3d7e68353c7fc2fa78f2c5b3bbc6f31382bc66
bg_windows_8_x86_dvd_915445.iso,"Windows 8 (multiple editions) (x86) - DVD (Bulgarian)",b7fee5cbba48381fa12a3688b7ca677b5eddeaaa
bg_windows_8.1_enterprise_n_with_update_x64_dvd_4048563.iso,"Windows 8.1 Enterprise N with Update (x64) - DVD (Bulgarian)",ede0fd8c47495c7f4e8e24df0e1471222801e16f
bg_windows_8.1_enterprise_n_with_update_x86_dvd_4050224.iso,"Windows 8.1 Enterprise N with Update (x86) - DVD (Bulgarian)",1b4a16568b293db34bfa2eac6329fea86e05bd38
bg_windows_8.1_enterprise_with_update_x64_dvd_4048574.iso,"Windows 8.1 Enterprise with Update (x64) - DVD (Bulgarian)",d52448c0d329dd11c5f7713c94fbb036241f04f6
bg_windows_8.1_enterprise_with_update_x86_dvd_4050262.iso,"Windows 8.1 Enterprise with Update (x86) - DVD (Bulgarian)",4f269ab5152e3a2fdc0e77bdfe84721bee6cb087
bg_windows_8.1_n_with_update_x64_dvd_4048156.iso,"Windows 8.1 N with Update (multiple editions) (x64) - DVD (Bulgarian)",5d2cd69d0b2b500d79e0cff37475f6e1675fb568
bg_windows_8.1_n_with_update_x86_dvd_4047996.iso,"Windows 8.1 N with Update (multiple editions) (x86) - DVD (Bulgarian)",facfa2d861e0d8f5272d6dd4de69a6ce4d252a1c
bg_windows_8.1_professional_n_vl_with_update_x64_dvd_4050282.iso,"Windows 8.1 Professional N VL with Update (x64) - DVD (Bulgarian)",30e9cc840e57c1e1aa7c20ce9e6f6d00f13375f6
bg_windows_8.1_professional_n_vl_with_update_x86_dvd_4050931.iso,"Windows 8.1 Professional N VL with Update (x86) - DVD (Bulgarian)",ab199372323eda389b1e4a875ea7af10b7c5c015
bg_windows_8.1_professional_vl_with_update_x64_dvd_4050280.iso,"Windows 8.1 Professional VL with Update (x64) - DVD (Bulgarian)",427e1775f25da4a62358401f80e06e8b47a0b295
bg_windows_8.1_professional_vl_with_update_x86_dvd_4048624.iso,"Windows 8.1 Professional VL with Update (x86) - DVD (Bulgarian)",ea1a5218acd3e82c5580fa04c1f69ce6b2925310
bg_windows_8.1_with_update_x64_dvd_4048033.iso,"Windows 8.1 with Update (multiple editions) (x64) - DVD (Bulgarian)",761d8fa254645b8e30b50f75a70ea0a930dfbf1d
bg_windows_8.1_with_update_x86_dvd_4047990.iso,"Windows 8.1 with Update (multiple editions) (x86) - DVD (Bulgarian)",95a4b179d0a888f324a319b2b568ba4a8891e6a3
bg_windows_embedded_8_1_industry_enterprise_x64_dvd_2710463.iso,"Windows Embedded 8.1 Industry Enterprise (x64) - DVD (Bulgarian)",ebed9f5b8770137c55ecac51e5bcb168dfa7054e
bg_windows_embedded_8_1_industry_enterprise_x86_dvd_2710739.iso,"Windows Embedded 8.1 Industry Enterprise (x86) - DVD (Bulgarian)",6699485f61f27b61029e509c15bc5776ec5cda9a
bg_windows_embedded_8_1_industry_pro_x64_dvd_2707155.iso,"Windows Embedded 8.1 Industry Pro (x64) - DVD (Bulgarian)",fffa5310f606f4dfaef1a0286a4a9b05ed6a4fac
bg_windows_embedded_8_1_industry_pro_x86_dvd_2707448.iso,"Windows Embedded 8.1 Industry Pro (x86) - DVD (Bulgarian)",bc1931b72fe167f9d91d1e94ceffc8474896f732
bg_windows_embedded_8.1_industry_enterprise_with_update_x64_dvd_4050197.iso,"Windows Embedded 8.1 Industry Enterprise with Update (x64) - DVD (Bulgarian)",68114f3ecddf9c0ea170beac08063761a8ea6a69
bg_windows_embedded_8.1_industry_enterprise_with_update_x86_dvd_4048557.iso,"Windows Embedded 8.1 Industry Enterprise with Update (x86) - DVD (Bulgarian)",ec08ddc0e50bd3417189a908f7d54df6751faea9
bg_windows_embedded_8.1_industry_pro_with_update_x64_dvd_4050092.iso,"Windows Embedded 8.1 Industry Pro with Update (x64) - DVD (Bulgarian)",2827cbfb045fb708ff4b7136b9cc6e76db819eae
bg_windows_embedded_8.1_industry_pro_with_update_x86_dvd_4048553.iso,"Windows Embedded 8.1 Industry Pro with Update (x86) - DVD (Bulgarian)",4ea0963f1846c5e5ca1262db750ab48270aa9b0c
bg_windows_vista_business_n_and_home_basic_n_with_sp2_x64_dvd_x15-36320.iso,"Windows Vista Business N and Home Basic N with Service Pack 2 (x64) - DVD (Bulgarian)",9cfbe25690ec72520062ba6de057ee5ced09cf98
bg_windows_vista_business_n_with_service_pack_1_x64_dvd_x14-40427.iso,"Windows Vista Business N with Service Pack 1 VL (x64) - DVD (Bulgarian)",533e3f3ce737dd5becffdea4ec91a76290cb406d
bg_windows_vista_business_n_with_service_pack_1_x86_dvd_x14-40499.iso,"Windows Vista Business N with Service Pack 1 VL (x86) - DVD (Bulgarian)",858bacf704a32ea3a9f120d40ed306948a117b1f
bg_windows_vista_business_n_x64_dvd_vl_x13-36181.iso,"Windows Vista Business N VL (x64) - DVD (Bulgarian)",5f525feb5194b481eed0061915f23d5a0226e0ed
bg_windows_vista_business_n_x86_dvd_vl_x13-36177.iso,"Windows Vista Business N VL (x86) - DVD (Bulgarian)",db1952c99da9c3a8ef9ccb776824edaf21fddcfa
bg_windows_vista_business_with_service_pack_1_x64_dvd_x14-56295.iso,"Windows Vista Business with Service Pack 1 VL (x64) - DVD (Bulgarian)",dc2ea1dc53097920921e962d60133e1a423e5a33
bg_windows_vista_business_with_service_pack_1_x86_dvd_x14-56116.iso,"Windows Vista Business with Service Pack 1 VL (x86) - DVD (Bulgarian)",4e7eb627c4d5afa893cfc5847c92b9dd4b19ffeb
bg_windows_vista_business_x64_dvd_vl_x13-22903.iso,"Windows Vista Business VL (x64) - DVD (Bulgarian)",a0dbd565373ebd895afd52e353beb1bf7b357896
bg_windows_vista_business_x86_dvd_vl_x13-22934.iso,"Windows Vista Business VL (x86) - DVD (Bulgarian)",ecc8e46876e44cbbc002cc4d508678fe5e64b067
bg_windows_vista_enterprise_with_service_pack_1_x64_dvd_x14-55845.iso,"Windows Vista Enterprise with Service Pack 1 (x64) - DVD (Bulgarian)",09c932b4fb1d5b745264135949c2848dd16d5706
bg_windows_vista_enterprise_with_service_pack_1_x86_dvd_x14-55724.iso,"Windows Vista Enterprise with Service Pack 1 (x86) - DVD (Bulgarian)",4f9a7cda1cd0e0c46929bc3aeb454ab40501c7ed
bg_windows_vista_enterprise_with_sp2_x64_dvd_x15-40410.iso,"Windows Vista Enterprise with Service Pack 2 (x64) - DVD (Bulgarian)",a2bad2c03200f690c776846fa2eee5351345e9cb
bg_windows_vista_enterprise_with_sp2_x86_dvd_x15-40265.iso,"Windows Vista Enterprise with Service Pack 2 (x86) - DVD (Bulgarian)",58755dadbf976bd53b9163d17dc01189ab242747
bg_windows_vista_enterprise_x64_dvd_vl_x13-17308.iso,"Windows Vista Enterprise (x64) - DVD (Bulgarian)",c8b512bd8c24ae8b69e844868fb1ed896a6ef3dd
bg_windows_vista_enterprise_x86_cd1_vl_x13-16579.iso,"Windows Vista Enterprise (x86) - CD 1 (Bulgarian)",8d4ffdc319fb58d994feb7b593418b888e5f869a
bg_windows_vista_enterprise_x86_cd2_vl_x13-16582.iso,"Windows Vista Enterprise (x86) - CD 2 (Bulgarian)",791d5b63c5f7ebed39dd54ee6f84f876ca5b0dfc
bg_windows_vista_enterprise_x86_cd3_vl_x13-16585.iso,"Windows Vista Enterprise (x86) - CD 3 (Bulgarian)",4a3ca27def94e31e91751cd85eb92af4c91fe1eb
bg_windows_vista_enterprise_x86_vl_dvd_x13-16713.iso,"Windows Vista Enterprise (x86) - DVD (Bulgarian)",ef4ad47c12e8f00ff9ddbffb0b942ff31f9f0b8e
bg_windows_vista_n_with_service_pack_1_x64_dvd_x14-55334.iso,"Windows Vista N with Service Pack 1 (x64) - DVD (Bulgarian)",be3c3c5a9fba7444227444fd5f34b6b156e5d3b3
bg_windows_vista_with_service_pack_1_x64_dvd_x14-29631.iso,"Windows Vista with Service Pack 1 (x64) - DVD (Bulgarian)",08454f032126ce6ad991f859e8d814d3322e708d
bg_windows_vista_with_service_pack_1_x86_dvd_x14-29597.iso,"Windows Vista with Service Pack 1 (x86) - DVD (Bulgarian)",b39d75d03f0cae3926094d42562144a9430b4991
bg_windows_vista_with_sp2_x64_dvd_x15-36321.iso,"Windows Vista with Service Pack 2 (x64) - DVD (Bulgarian)",563261102ce9c012ba2b8dc44816c4bc726b057f
bg_windows_vista_with_sp2_x86_dvd_x15-36284.iso,"Windows Vista with Service Pack 2 (x86) - DVD (Bulgarian)",f4af9b66b6b16a2e3253ec0302c4783783a68080
bg_windows_vista_x64_dvd_x12-61188.iso,"Windows Vista (x64) - DVD (Bulgarian)",12045ef9a5980e1fb69722ffdc465d5fabd788db
bg_windows_vista_x86_cd1_x12-71782.iso,"Windows Vista (x86) - CD 1 (Bulgarian)",bd4660cb12e0689da7e1d4159f6725817032ec70
bg_windows_vista_x86_cd2_x12-71810.iso,"Windows Vista (x86) - CD 2 (Bulgarian)",944a004c5ffed98792c85098aa17e8a2dd83101d
bg_windows_vista_x86_cd3_x12-71838.iso,"Windows Vista (x86) - CD 3 (Bulgarian)",0466536b25b39df087e619a2d208277d76c258a4
bg_windows_vista_x86_cd4_x12-71869.iso,"Windows Vista (x86) - CD 4 (Bulgarian)",ba23bf807e3c24ef8084dc9e703a28d2abf3961b
bg_windows_vista_x86_dvd_x12-59007.iso,"Windows Vista (x86) - DVD (Bulgarian)",7a2f4ed4d9afd845a2cd1e917307c1cdcdc7469e
bn-bd_ui_strings_glossary_october_2014_x86_x64_5643761.zip,"UI Strings Glossary October 2014 (x86 and x64) - (Bangla-Bangladesh)",26a2de64193b14892e9d13c2c27a31f177c9ad83
bn-in_ui_strings_glossary_october_2014_x86_x64_5643761.zip,"UI Strings Glossary October 2014 (x86 and x64) - (Bangla-India)",edbd269d8f5c26fd9cbdc813d2db139d7f13ce6a
bp_winxp_home_iso.img,"Windows XP Home Edition (Portuguese - Brazil) ISO CD Image",9a80c41d624fb04f49e8fc9db10fb89368474672
bp_winxp_pro_iso.img,"Windows XP Professional (Portuguese - Brazil)",e37f3e6eb06ee6205c42a31d50da01c571651698
bp20sp1.exe,"Business Portal 2.0 SP1 for Great Plains 7.0 and 7.5 (English)",ba47f5e958a871cc361a8d981e140777fd88ac2c
br_access_2003.iso,"Office Access 2003 (Portuguese - Brazil)",19da1fdc10b10a7063ec9eee46db1da71196ef7a
br_crm_3.0_professional_cd1_x13-18480.iso,"Microsoft Dynamics CRM 3.0 Professional Edition - CD 1 (Portuguese-Brazil)",3012c9af8916776914b93574483388b0022bcc05
br_crm_3.0_professional_cd2_x13-09480.iso,"Microsoft Dynamics CRM 3.0 Professional Edition - CD 2 (Portuguese-Brazil)",7bfabe1bf51dfb0ad54006af79392590d6a84466
br_crm_3.0_small_business_cd1_x13-18480.iso,"Microsoft Dynamics CRM 3.0 Small Business Edition - CD 1 (Portuguese-Brazil)",3012c9af8916776914b93574483388b0022bcc05
br_crm_3.0_small_business_cd2_x13-09480.iso,"Microsoft Dynamics CRM 3.0 Small Business Edition - CD 2 (Portuguese-Brazil)",7bfabe1bf51dfb0ad54006af79392590d6a84466
br_crm_30_datamigration.exe,"CRM 3.0 Data Migration Pack (Portuguese - Brazil)",ccd27354833f1428503128c3179382819478fb61
br_exchange_2007_standard_and_enterprise_x64_dvd_x12-98684.iso,"Exchange Server 2007 Standard and Enterprise Editions (x64) DVD - (Portuguese-Brazil)",25a434b1c41e339dfc6cf85c1849038445eea384
br_ie6.exe,"Internet Explorer 6.0 (Portuguese - Brazil)",5963666b0e139e063b61a61b2424a1868d170da6
br_ie60_sp1.exe,"Internet Explorer 6.0 with Service Pack 1 (Portuguese-Brazil)",73e38af554bcf32d418eab012268b7e4eae7dfe8
br_ie7_for_win_srv_2003_sp1_or_sp2_x86.exe,"Windows Internet Explorer 7 for Windows Server 2003 SP1 or Windows Server 2003 SP2 (x86) (Portuguese-Brazil)",cd4f09ff364f7cf76ec9033ced7d1d6cd1a034ee
br_ie7_for_win_xp_sp2_x86.exe,"Windows Internet Explorer 7 for Windows XP SP2 (x86) (Portuguese-Brazil)",1fb5bdb41ca5a789637075391bc200478492cb9b
br_isa_server_2006_ent_x12-76198.iso,"Internet Security and Acceleration (ISA) Server 2006 Enterprise Edition (Portuguese - Brazil)",6a1551146d932374c7df8a451d88dd26d1183467
br_isa_server_2006_std_x12-76242.iso,"Internet Security and Acceleration (ISA) Server 2006 Standard Edition (Portuguese - Brazil)",09f04931f48165e55180e2a19e8979a197f228d9
br_mdac_typ_2_8_sp1.exe,"MDAC 2.8 SP1 (Portuguese - Brazil)",37a0126ecbab8f467577f9b0cc67446cbdb9348c
br_mdac_typ.exe,"MDAC 2.8 (Portuguese - Brazil)",fe7a39c5cbe69ca3b135230d9fcd681a8eb6a151
br_msde2000a.exe,"SQL Server 2000 Desktop Engine Revision A (Portuguese - Brazil)",139e7b4128acc0f18c73f86a2c6fb42edf986d3b
br_msdos622.exe,"MS-DOS 6.22 (Brazilian Portuguese)",f02c0ddd4f13ab49ff73a2176f345c9b07e32797
br_msdrmclient.exe,"Windows Rights Management Client 1.0 (Portuguese - Brazil)",9416284862483ed8cd800218f0c7f8b2fa788330
br_net_compact_framework_20_redist.msi,".NET Compact Framework 2.0 Redistributable (Portuguese - Brazil)",e9a9abe469fb017ee46360d676a99210a70ed372
br_office_2003_bcm.iso,"Office Business Contact Manager 2003 (Portuguese - Brazil)",d19ffdc892d04a92932e1fc1cd83a9dc7e17f7d1
br_office_2003_frontpage.iso,"Office FrontPage 2003 (Portuguese - Brazil)",abd2f187f61d6aab9d9b233f7024f4981131c768
br_office_2003_infopath.iso,"Office InfoPath 2003 (Portuguese - Brazil)",bee5d1650adc0821a824290f4a3fa1edcd5ca0a1
br_office_2003_onenote.iso,"Office OneNote 2003 (Portuguese - Brazil)",f7095b8de6d062d2c7dc89f7a29739798baeee9d
br_office_2003_pro.iso,"Office Professional Enterprise Edition 2003 (Portuguese - Brazil)",63aca13f2da913b6ae6c8cb12457b929b5330503
br_office_2003_project_pro.iso,"Office Project Professional 2003 (Portuguese - Brazil)",f82c14446ba109287e3177960863018db26701f2
br_office_2003_project_server.iso,"Office Project Server 2003 (Portuguese - Brazil)",9b203aa9b57cb9e9546c830dfe0e6da7314996fc
br_office_2003_project_sta.iso,"Office Project Standard 2003 (Brazilian)",76b263b69d2a5c4d8f5df382836a8f28addb1d2e
br_office_2003_proofing_tools.iso,"Office 2003 Proofing Tools (Portuguese - Brazil)",0d0c082197bad388d3b3d626c6de240281eca3eb
br_office_2003_publisher.iso,"Office Publisher 2003 (Portuguese - Brazil)",00e00a5437114324f659c1f6b5b4b81157194f12
br_office_2003_sp1.iso,"Office 2003 Service Pack 1 (Portuguese - Brazil)",98345a8eea80e09c4b1113311aff91b7f792eb0a
br_office_2003_sp2_for_proofing_tools.exe,"Office 2003 Service Pack 2 for Proofing Tools (Portuguese - Brazil)",697e9ca819b5cb390c4800d64a4409c3c1fac93d
br_office_2003_sp2.exe,"Office 2003 Service Pack 2 (Portuguese - Brazil)",22f012a407cf4ad34d613068de69ec6d248a465e
br_office_2003_sps.iso,"Office SharePoint Portal Server 2003 (Portuguese - Brazil)",12221e11c9105c79e22bff7d42cafc4f304a4ddb
br_office_2003_sr2_for_mui.exe,"Office 2003 Service Pack 2 for Multilingual User Interface Pack (Portuguese - Brazil)",49b8dd885524a8084207d2b9d7680da212644ede
br_office_2003_visio_pro.iso,"Office Visio Professional 2003 (Portuguese - Brazil)",f5c88f86f111b63575f3107e2622eb6645b96245
br_office_2003_visio_std.iso,"Office Visio Standard 2003 (Portuguese - Brazil)",4286d80972ced322e3ca0921e4275d588e74df87
br_office_access_2007_cd_x12-18929.iso,"Office Access 2007 (Portuguese-Brazil)",6c46e50556e57cf32f2fa23d831e66ef4035cacc
br_office_business_contact_manager_2007_x12-44194.iso,"Office Business Contact Manager 2007 (Portuguese-Brazil)",eec5fa75bd606c7c05e5243a1f8299decf712ec5
br_office_communications_server_2007_enterprise_x86_cd_x13-79082.iso,"Office Communications Server 2007 Enterprise Edition (x86) - CD (Portuguese-Brazil)",cad44361d06ac0743df556c03e35bf2955088a9f
br_office_forms_server_2007_x12-33909.iso,"Office Forms Server 2007 (Portuguese-Brazil)",e524b2cd8335027e20b59cb21859ebb47aab9d46
br_office_groove_2007_cd_x12-18930.iso,"Office Groove 2007 (Portuguese-Brazil)",4277f3063ae28de532cc3387dc9b8e7254f00a9f
br_office_groove_server_2007_x64_x12-33900.iso,"Office Groove Server 2007 (x64) (Portuguese-Brazil)",c21c015d9106590a47d0234df4ec44f18afea7d8
br_office_infopath_2007_cd_x12-18914.iso,"Office InfoPath 2007 (Portuguese-Brazil)",0c0dafb1b36cbd730128fcc4b95cc14f3b89142c
br_office_language_pack_2007_x12-47237.iso,"Office 2007 Language Pack (Portuguese-Brazil)",69f5bca391a1fec3af8d2be2978dce0e1116599b
br_office_onenote_2003_with_sp1.iso,"Office OneNote 2003 with Service Pack 1 (Portuguese - Brazil)",12294a622c0ffe2372a367499286b934cda3da06
br_office_onenote_2007_cd_x12-18915.iso,"Office OneNote 2007 (Portuguese-Brazil)",bd5eed2c910952afd3afcf84639cb219e0dca734
br_office_outlook_2007_cd_x12-18920.iso,"Office Outlook 2007 (Portuguese-Brazil)",80908d99914719377da4bcbf3e0d9e9bfd47955e
br_office_professional_2007_cd_x12-46618.iso,"Office Professional 2007 (Portuguese-Brazil)",c90b78fd1dce7cab7c1267490123ff83c16de063
br_office_professional_plus_2007_cd_x12-38711.iso,"Office Professional Plus 2007 (Portuguese-Brazil)",17d33ec6f4e50e83f414585b80082757d75942c5
br_office_project_2003_service_pack_3.exe,"Office Project 2003 Service Pack 3 (Portuguese-Brazil)",f0b5fb688eb7cc40ffe5f01fd64fbe6be4d84d55
br_office_project_professional_2007_cd_x12-18923.iso,"Office Project Professional 2007 (Portuguese-Brazil)",e827a16e65968af3bd5d9df57790121d2a2c7fe4
br_office_project_server_2003_service_pack_3.exe,"Office Project Server 2003 Service Pack 3 (Portuguese-Brazil)",327d78958deb4570d7cf26a8e88a59644bc846f4
br_office_project_server_2007_x12-33954.iso,"Office Project Server 2007 (Portuguese-Brazil)",2c4f80addaa6b9ad85f5f01b7863fbcc1fef25bc
br_office_project_standard_2007_cd_x12-18918.iso,"Office Project Standard 2007 (Portuguese-Brazil)",f11b9132297d65e7c07d0f8c79bdeaa992354ddd
br_office_publisher_2007_cd_x12-18922.iso,"Office Publisher 2007 (Portuguese-Brazil)",463495a644383be39ddcdd5c9ff82f3ed6a8c9cb
br_office_sharepoint_designer_2007_cd_x12-18924.iso,"Office SharePoint Designer 2007 (Portuguese-Brazil)",b45572406038a036f45a1bade0606a26b57cbf79
br_office_sharepoint_server_language_pack_2007_cd_x12-34587.iso,"Office SharePoint Server Language Pack 2007 (X64) (Portuguese-Brazil)",b955910b6d1dac598a22a0da966b172a0faa28aa
br_office_sharepoint_server_language_pack_2007_cd_x12-49688.iso,"Office SharePoint Server Language Pack 2007 (Portuguese-Brazil)",a9a35130ddf64c40c7d02526259bf71a5f714a8d
br_office_ultimate_2007_dvd_x12-22270.iso,"Office Ultimate 2007 - DVD (Portuguese-Brazil)",6ae333f4feeb04b59cf577f124795f24dd90b628
br_office_visio_professional_2007_cd_x12-18921.iso,"Office Visio Professional 2007 (Portuguese-Brazil)",479343936ed0aaa2d138c9200c0ec27f9092e66b
br_office_visio_standard_2007_cd_x12-18926.iso,"Office Visio Standard 2007 (Portuguese-Brazil)",d31faa22c034f297061b330068de495a9bb35ddb
br_office_xp_pro.iso,"Office XP Professional with FrontPage (Portuguese - Brazil)",458ace51d85dd1aef9b2e5ec47ef994e4135cd47
br_office_xp_professional_cd_x10-29100.iso,"Office XP Professional - CD (Portuguese-Brazil)",dd3d6edcb8364f817389a03bb84ab414b99fe81a
br_office_xp_sp3.iso,"Office XP Service Pack 3 (Portuguese - Brazil)",a00da6802b489b3457d933d77ea366ce14c9ce9a
br_officexp_proofing_tools.exe,"Office XP Proofing Tools (Portuguese - Brazil)",fd23f2d4b8eefde16156d9f47f94ceeee1ccda60
br_officexp_sp1.exe,"Office XP Service Pack 1 (Portuguese - Brazil)",abf1d52206b46f1bda422f5c1ef51b68d41de465
br_onenote_2003_sp2.exe,"OneNote 2003 Service Pack 2 (Portuguese - Brazil)",716ca94fd1126ad795a075847593a840a678a5ea
br_outlook_2003_with_bcm_update.iso,"Outlook 2003 with Business Contact Manager Update (Portuguese - Brazil)",55feda010a304ef719a023a24a24df88bb26e14c
br_project_2002_server_vl.exe,"Project Server 2002 (Portuguese - Brazil)",44d77d116127aa71ebe2285ee2e5bea7a4cfeccb
br_project_2003_sp1.iso,"Project 2003 Service Pack 1 (Portuguese - Brazil)",6a3189f475fb01d963bcfa749d101d6fb6a2e379
br_project_2003_sp2_for_mui.exe,"Project 2003 Service Pack 2 for Multilingual User Interface Pack (Portuguese - Brazil)",7679ea0a7f5b5b905276c9c01abba16202703073
br_project_2003_sp2.exe,"Project 2003 Service Pack 2 (Portuguese - Brazil)",f6a3f2f01d174b61774ac14b8fc5ce18ce424bbd
br_project_server_2003_mui.exe,"Project Server 2003 Multilingual User Interface Pack (Portuguese - Brazil)",c07d73f451eb7a571c4ce0443d0e35ff3cc75ee8
br_project_server_2003_sp1.exe,"Office Project Server 2003 Service Pack 1 (Portuguese - Brazil)",41bdd61ee9d8de2098a4fd3abb2d2536a095ebbc
br_project_server_2003_sp2_for_mui.exe,"Project Server 2003 Service Pack 2 for Multilingual User Interface Pack (Portuguese - Brazil)",1ee76bb1636b2e927eda84d4ac593eff973d7010
br_project_server_2003_sp2a.exe,"Project Server 2003 Service Pack 2a (Portuguese - Brazil)",10f80acc83d86a2de336349a1c3eb69b16c1522e
br_publisher_2002a.iso,"Microsoft Publisher 2002a (Portuguese - Brazil)",58c98f74b9eeee96b66ad27b6396d86154d3b979
br_rmssetup.exe,"Windows Rights Management Services 1.0 (Portuguese - Brazil)",25c1b9179887c6ae30b33d9f2da36a18c399d973
br_sbs_2003_outlook.iso,"Office Outlook 2003 (Portuguese - Brazil)",b71ec7b0f9ec378c113774f14dede4e896b21953
br_sbs_2003_r2_cd1.iso,"Small Business Server 2003 R2 Premium Edition - Disc 1 (Portuguese - Brazil)",e49ba93d2657fec43b1495d0f2315c2108fd113d
br_sbs_2003_r2_cd2.iso,"Small Business Server 2003 R2 Premium Edition - Disc 2 (Portuguese - Brazil)",3b31b2c8b5907500bf23defae15f4a0df24febb0
br_sbs_2003_r2_cd3.iso,"Small Business Server 2003 R2 Premium Edition - Disc 3 (Portuguese - Brazil)",db2d5ab1366192f3611b281615930752f70328fe
br_sbs_2003_r2_cd4.iso,"Small Business Server 2003 R2 Premium Edition - Disc 4 (Portuguese - Brazil)",edcbc888e570086763007c80b3df8b2c23363cfe
br_sbs_2003_r2_cd5.iso,"Small Business Server 2003 R2 Premium Edition - Disc 5 (Office Outlook 2003) (Portuguese - Brazil)",b71ec7b0f9ec378c113774f14dede4e896b21953
br_sbs_2003_r2_prem_tech_cd1.iso,"Small Business Server 2003 R2 Premium Edition - Premium Technologies Disc 1 (Portuguese - Brazil)",eb5642097f24cd9e14c789166421f063fd2039b2
br_sbs_2003_r2_prem_tech_cd2.iso,"Small Business Server 2003 R2 Premium Edition - Premium Technologies Disc 2 (Portuguese - Brazil)",6b39c1e76ac1a7ee612d565e0666fea25d1c9599
br_sbs_2003_r2_tech_a.iso,"Small Business Server 2003 R2 Premium Edition - R2 Technologies CD (Portuguese - Brazil)",013fb8e88e5971e32e9494543adf0b8be6147bc3
br_sharepoint_services_sp2.exe,"Windows SharePoint Services Service Pack 2 (Portuguese - Brazil)",332716e65c44a79d9457b7effce9645b70defa47
br_sharepoint_services_with_sp1.exe,"Windows SharePoint Services with Service Pack 1 (Portuguese - Brazil)",99a357439fe4ab002a76f63875bced689defbb48
br_sps_2003_sp1.iso,"SharePoint Portal Server 2003 Service Pack 1 (Portuguese - Brazil)",a356b10c53901ceab317e05170582ad2740a0765
br_sps_2003_sp2.exe,"SharePoint Portal Server 2003 Service Pack 2 (Portuguese - Brazil)",e503a9732b83666f0d5705f64f9b39def0e3fb58
br_sql_2005_express.exe,"SQL Server 2005 Express Edition (Portuguese - Brazil)",c18ecac3bd0a13b1b2fb32698c5a92a74da0ed6a
br_sql_server_2005_express_edition_sp2_x32.exe,"SQL Server 2005 Express Edition Service Pack 2 (Portuguese-Brazil)",b7aa158e4afed93623aa95b9ef0783e4f1e5434b
br_sql_server_2005_express_edition_sp2_x64.exe,"SQL Server 2005 Express Edition Service Pack 2 (x64) (Portuguese-Brazil)",9180ea9189ec41de3899c1b7598f388fda346189
br_visio_2002_sp2.exe,"Visio 2002 Service Pack 2 (Portugese - Brazilian)",f15df3baaeb467cf83a23a1b137f8b4ea86bd795
br_visio_2003_sp1.iso,"Visio 2003 Service Pack 1 (Portuguese - Brazil)",40a4515f75d9418f7e28c1a8316d7f2340cda4fc
br_visio_2003_sp2_for_mui.exe,"Visio 2003 Service Pack 2 for Multilingual User Interface Pack (Portuguese - Brazil)",3816b8c89197ba5b93fe515da5e39adf8c7685d5
br_visio_2003_sp2.exe,"Visio 2003 Service Pack 2 (Portuguese - Brazil)",77bf2b1caca969a5e0838fa41e2c602cf5bc231b
br_visio2002_pro_sr1.iso,"Visio 2002 Professional (Portuguese - Brazil)",b2e58668ee5b04c99746a8ca130cd62bd8ba5b04
br_win_srv_2003_r2_enterprise_cd1.iso,"Windows Server 2003 R2 Enterprise Edition - Disc 1 (Portuguese - Brazil)",aa194699a11fa79fa1f43889e9a754c1c0973ef1
br_win_srv_2003_r2_enterprise_cd2.iso,"Windows Server 2003 R2 Enterprise Edition - Disc 2 (Portuguese - Brazil)",42123b29b65318fa4eb7aff14180a1bf745f3224
br_win_srv_2003_r2_enterprise_vl_cd1.iso,"Windows Server 2003 R2 Enterprise Edition - Disc 1 - VL (Portuguese - Brazil)",d4156e4d26211f50b79c136cef2272b5a8170669
br_win_srv_2003_r2_enterprise_vl_cd2.iso,"Windows Server 2003 R2 Enterprise Edition - Disc 2 - VL (Portuguese - Brazil)",42123b29b65318fa4eb7aff14180a1bf745f3224
br_win_srv_2003_r2_enterprise_with_sp2_cd1_x13-27635.iso,"Windows Server 2003 R2 Enterprise Edition with SP2 - Disc 1 (Portuguese-Brazil)",cdfb4fd7c46ecd6ab7f355bfe2e0e0784fc6f21d
br_win_srv_2003_r2_enterprise_with_sp2_cd2_x13-27638.iso,"Windows Server 2003 R2 Enterprise Edition with SP2 - Disc 2 (Portuguese-Brazil)",354f60b7421f63eeab97fbda53bef5c89696daaf
br_win_srv_2003_r2_enterprise_with_sp2_vl_cd1_x13-46428.iso,"Windows Server 2003 R2 Enterprise Edition with SP2 - Disc 1 - VL (Portuguese-Brazil)",ffa9e6d17a49167c6a08936bd191b1d61fc9ca4a
br_win_srv_2003_r2_enterprise_with_sp2_vl_cd2_x13-27638.iso,"Windows Server 2003 R2 Enterprise Edition with SP2 - Disc 2 - VL (Portuguese-Brazil)",354f60b7421f63eeab97fbda53bef5c89696daaf
br_win_srv_2003_r2_enterprise_x64_with_sp2_cd1_x13-30860.iso,"Windows Server 2003 R2 Enterprise x64 Edition with SP2 - Disc 1 (Portuguese-Brazil)",25d693556a87048adeb38393344a2da26c2bd925
br_win_srv_2003_r2_enterprise_x64_with_sp2_cd2_x13-30863.iso,"Windows Server 2003 R2 Enterprise x64 Edition with SP2 - Disc 2 (Portuguese-Brazil)",93ab46c8d37031293ef41db0b38fbd87afc38dd3
br_win_srv_2003_r2_enterprise_x64_with_sp2_vl_cd1_x13-47307.iso,"Windows Server 2003 R2 Enterprise x64 Edition with SP2 - Disc 1 - VL (Portuguese-Brazil)",6030dc2614532a7e2494e238e774eea20e23207c
br_win_srv_2003_r2_enterprise_x64_with_sp2_vl_cd2_x13-30863.iso,"Windows Server 2003 R2 Enterprise x64 Edition with SP2 - Disc 2 - VL (Portuguese-Brazil)",93ab46c8d37031293ef41db0b38fbd87afc38dd3
br_win_srv_2003_r2_standard_cd1.iso,"Windows Server 2003 R2 Standard Edition - Disc 1 (Portuguese - Brazil)",b477cbbbe799b2af6127e63584950b68341b2167
br_win_srv_2003_r2_standard_cd2.iso,"Windows Server 2003 R2 Standard Edition - Disc 2 (Portuguese - Brazil)",9231a085ea15cb518f0e3ac69a47e6213dc345c9
br_win_srv_2003_r2_standard_vl_cd1.iso,"Windows Server 2003 R2 Standard Edition - Disc 1 - VL (Portuguese - Brazil)",4b8dfefaca65a9d5c5f69e1bb84e5aa34ef10be4
br_win_srv_2003_r2_standard_vl_cd2.iso,"Windows Server 2003 R2 Standard Edition - Disc 2 - VL (Portuguese -Brazil)",8f52bede29027854609420f7740ba8fe5bc7526b
br_win_srv_2003_r2_standard_with_sp2_cd1_x13-27878.iso,"Windows Server 2003 R2 Standard Edition with SP2 - Disc 1 (Portuguese-Brazil)",ef5b26563be0c0846e7e9e69aae541e65651908a
br_win_srv_2003_r2_standard_with_sp2_cd2_x13-27857.iso,"Windows Server 2003 R2 Standard Edition with SP2 - Disc 2 (Portuguese-Brazil)",c6141d7128feefc93b1878ad4a03908d868c4abb
br_win_srv_2003_r2_standard_with_sp2_vl_cd1_x13-46528.iso,"Windows Server 2003 R2 Standard Edition with SP2 - Disc 1 - VL (Portuguese-Brazil)",e674658e37f25698a37799db54907a619a8f5430
br_win_srv_2003_r2_standard_with_sp2_vl_cd2_x13-27857.iso,"Windows Server 2003 R2 Standard Edition with SP2 - Disc 2 - VL (Portuguese-Brazil)",c6141d7128feefc93b1878ad4a03908d868c4abb
br_win_srv_2003_r2_standard_x64_with_sp2_cd1_x13-32757.iso,"Windows Server 2003 R2 Standard x64 Edition with SP2 - Disc 1 (Portuguese-Brazil)",30edfbd0202ff5bbf46da7ce28d83dbafb732410
br_win_srv_2003_r2_standard_x64_with_sp2_cd2_x13-32642.iso,"Windows Server 2003 R2 Standard x64 Edition with SP2 - Disc 2 (Portuguese-Brazil)",47a782150ddb1533ccf556e633007955650a6e98
br_win_srv_2003_r2_standard_x64_with_sp2_vl_cd1_x13-47353.iso,"Windows Server 2003 R2 Standard x64 Edition with SP2 - Disc 1 - VL (Portuguese-Brazil)",c9ce1580d35e1ea98a016bd1a08f26bf73cb6ede
br_win_srv_2003_r2_standard_x64_with_sp2_vl_cd2_x13-32642.iso,"Windows Server 2003 R2 Standard x64 Edition with SP2 - Disc 2 - VL (Portuguese-Brazil)",47a782150ddb1533ccf556e633007955650a6e98
br_win_xp_pro_with_sp2_vl.iso,"Windows XP Professional with Service Pack 2- VL (Portuguese - Brazil)",fb763d5963e7663d467b1c47be72d70ba63097e0
br_windows_7_professional_vl_build_x86_dvd_x15-71017.iso,"Windows 7 Professional, VL Build (x86) - DVD (Portuguese-Brazil)",f602746177d324d900fc9fc20e1457582cb2d69f
br_windows_server_2003_enterprise_vl.iso,"Windows Server 2003 Enterprise Edition - VL (Portuguese - Brazil)",f3eafd4c0f6447c8ee5320c12159c7b20112564c
br_windows_server_2003_enterprise.iso,"Windows Server 2003 Enterprise Edition (Portuguese - Brazil)",9d5589bf605241b1ec6c6f2f99e3fdb64f17ffed
br_windows_server_2003_standard_vl.iso,"Windows Server 2003 Standard Edition - VL (Portuguese - Brazil)",ee12cdf1ad96cc625d8462739ed268a4d4b0d11e
br_windows_server_2003_standard.iso,"Windows Server 2003 Standard Edition (Portuguese - Brazil)",41ace53954254fcac110b33d4c7afcd80424e48a
br_windows_server_2003_wsrm.iso,"Windows Server 2003 System Resource Manager (Portuguese - Brazil)",128d7509213826a99f904da24e3305d867289493
br_windows_vista_business_x64_dvd_vl_x13-22902.iso,"Windows Vista Business VL (x64) - DVD (Portuguese-Brazil)",3c5eb7336f854827d388836889b6b31de4c0cde8
br_windows_vista_business_x86_dvd_vl_x13-22933.iso,"Windows Vista Business VL (x86) - DVD (Portuguese-Brazil)",4ec0e4e97b6442334a93f11b269f61df05d9eb2c
br_windows_vista_enterprise_x64_dvd_vl_x13-17307.iso,"Windows Vista Enterprise (x64) - DVD (Portuguese-Brazil)",06a37698ad51dedf4bad35b4c1b232b19b737e66
br_windows_vista_enterprise_x86_cd1_vl_x13-15894.iso,"Windows Vista Enterprise (x86) - CD 1 (Portuguese-Brazil)",29b032ae460ad9ac4c384e344fc8b1b0708e1851
br_windows_vista_enterprise_x86_cd2_vl_x13-15897.iso,"Windows Vista Enterprise (x86) - CD 2 (Portuguese-Brazil)",d89ff76e1a8f72ceadaec35591d7713ddaa8f288
br_windows_vista_enterprise_x86_cd3_vl_x13-15900.iso,"Windows Vista Enterprise (x86) - CD 3 (Portuguese-Brazil)",f0a27d09d1677bd6760b37bb808bff24c01e99d1
br_windows_vista_enterprise_x86_dvd_vl_x13-16014.iso,"Windows Vista Enterprise (x86) - DVD (Portuguese-Brazil)",16a01b8888b0e549b5d6838405d30992717766c2
br_windows_vista_upgrade_advisor.msi,"Windows Vista Upgrade Advisor 1.0 (Portuguese-Brazil)",c5db53abf2b6c47f9155fac6eddc6c7ab8843ed0
br_windows_vista_windows_automated_installation_kit_dvd_x13-41143.iso,"Windows Automated Installation Kit (WAIK) - DVD (Portuguese-Brazil)",508d31496442ee23752d6fe3f52e57062208b827
br_windows_vista_x64_dvd_x12-88955.iso,"Windows Vista (x64) - DVD (Portuguese-Brazil)",6ea691727210c76ea1729f7a9329a85103dd0768
br_windows_vista_x86_cd1_x12-88956.iso,"Windows Vista (x86) - CD 1 (Portuguese-Brazil)",b0ade97624bd68c8f4dd9f33c3f5c579a8d435cd
br_windows_vista_x86_cd2_x12-88957.iso,"Windows Vista (x86) - CD 2 (Portuguese-Brazil)",20d93c92c9fb2e89c999b01018405c1413b47601
br_windows_vista_x86_cd3_x12-88958.iso,"Windows Vista (x86) - CD 3 (Portuguese-Brazil)",e65587c2708cacbbf487832706a4f2831a48518c
br_windows_vista_x86_cd4_x12-88959.iso,"Windows Vista (x86) - CD 4 (Portuguese-Brazil)",197d7bf7f53a7cfc7418ed38fa4ea4b1641ea8d9
br_windows_vista_x86_dvd_x12-88954.iso,"Windows Vista (x86) - DVD (Portuguese-Brazil)",477921a0637bf9254b1db6d835b8e98dd91a5780
br_winxp_home_with_sp2.iso,"Windows XP Home Edition with Service Pack 2 (Portuguese - Brazil)",4b695b8abd19fbe611066a01d9ced93fc3f0aec4
br_winxp_pro_vl_iso.img,"Windows XP Professional (VL) ISO CD Image (Portuguese - Brazil)",2dac6d7bd6401c4091c12768ad007e6e3a4d0482
br_winxp_pro_with_sp2.iso,"Windows XP Professional with Service Pack 2 (Portuguese - Brazil)",4dc9b40f054f4d5a4f82fd6e499f6d34cbd9bb10
br_winxp_sp1.iso,"Windows XP Service Pack 1a (Portuguese - Brazil)",a9113d38f12db86f25ca4894acf1ea07cae3b446
br_winxp_sp2.iso,"Windows XP Service Pack 2 (Portuguese - Brazil)",d3ff030c5440697d82644dcc956ea3715b6596fb
br_ws_2003_ent_with_sp1_vl.iso,"Windows Server 2003 Enterprise Edition with Service Pack 1 - VL (Portuguese - Brazil)",a7974965cb97e0a06ab76ff273d79049eb41b0c3
br_ws_2003_ent_with_sp1.iso,"Windows Server 2003 Enterprise Edition with Service Pack 1 (Portuguese - Brazil)",e6eab0a2e3a90b4d3e29759b7a0ef9dd75630aeb
br_ws_2003_sp1.iso,"Windows Server 2003 Service Pack 1 (Portuguese - Brazil)",a987e262fbc1628f7fa05b2ae17e5b38fe73329e
br_ws_2003_std_with_sp1_vl.iso,"Windows Server 2003 Standard Edition with Service Pack 1 - VL (Portuguese - Brazil)",d54073cc3f47027157b071e6e303943b0ac9234c
br_ws_2003_std_with_sp1.iso,"Windows Server 2003 Standard Edition with Service Pack 1 (Portuguese - Brazil)",a8117ed370502714fa0c25fa4a9c622dfcb5b697
br_ws_2003_with_sp1_srm.iso,"Windows Server 2003 with Service Pack 1 System Resource Manager (Portuguese - Brazil)",7c824643b149348ae0d8b360b8acdfaf7fd3f029
br_wss_with_sp2.exe,"Windows SharePoint Services with Service Pack 2 (Portuguese - Brazil)",1a9f55429f55afc0bbb76981dd813ba46011b0c4
bs-cyrl-ba_ui_strings_glossary_october_2014_x86_x64_5643761.zip,"UI Strings Glossary October 2014 (x86 and x64) - (Bosnian-Cyrillic)",a9f6d9c775fc7c7dd6bee69e94104171bc0e0a55
bs-latn-ba_sharepoint_server_2010_language_pack_with_service_pack_2_x64_4173470.exe,"SharePoint Server 2010 Language Pack with Service Pack 2 (x64) - (Bosnian-Latin)",ca3220dafa2626d229b0be0b5bbf1c2b3d965d7c
bs-latn-ba_ui_strings_glossary_october_2014_x86_x64_5643761.zip,"UI Strings Glossary October 2014 (x86 and x64) - (Bosnian-Latin)",aabdf53d7b30268469d8d7bc9074f7537a588cbe
bsckit50.exe,"Visual C++ Browser Toolkit v5.0 (English)",157d404839d76b177bba9136b12ecb2c3a843125
businessportal_2.0.img,"Business Portal 2.0 for Great Plains 7.0/7.5 (English)",10acead9205b4d8a99775a22e37bee0ddefe718d
businessportal2.0sp1.pdf,"Business Portal 2.0 SP1 for Great Plains 7.0 and 7.5 Installation Guide (English)",11d1225ab1f175509cfaf11ae441848e3aed6d4f
