la_navision_with_sp2_cd1.iso,"Navision 4.0 with Service Pack 2 - Disc 1 - Latvian (Latvia)",85899d61c4e4983bc53bc5afcea99b96fd70a344
la_navision_with_sp2_cd2.iso,"Navision 4.0 with Service Pack 2 - Disc 2 - Latvian (Latvia)",650c3a7509fe00cdd48c4fb3539a17216e841a15
la_office_2003_pro.iso,"Office Professional Enterprise Edition 2003 (Latvian)",9b983adcb92298ee1b50547cd2651ea89da4199b
la_office_2003_sp1.iso,"Office 2003 Service Pack 1 (Latvian)",047311edf5f4ccf5af67b3a8040e861a1eaef3a0
la_office_2003_sp2.exe,"Office 2003 Service Pack 2 (Latvian)",b8b8f563455982c91868f08ba65099fe82d2cce4
la_office_2003_sr2_for_mui.exe,"Office 2003 Service Pack 2 for Multilingual User Interface Pack (Latvian)",ed5d81f1f4245025951fa596891a21279c7405e6
la_office_xp_sp3.iso,"Office XP Service Pack 3 (Latvian)",692f30f03bd4a9431e4b261a8cc10532fb69b7ba
lb_ui_strings_glossary_october_2014_x86_x64_5643761.zip,"UI Strings Glossary October 2014 (x86 and x64) - (Luxembourgish)",5eebffde39a006942b05f34ffa2f408d744759d1
li_navision_with_sp2_cd1.iso,"Navision 4.0 with Service Pack 2 - Disc 1 - Lithuanian (Lithuania)",2a0428b7579771f20d91a83dfb31d8cb7b203bc6
li_navision_with_sp2_cd2.iso,"Navision 4.0 with Service Pack 2 - Disc 2 - Lithuanian (Lithuania)",1ee0542dde726f06b82a949a9dc226fb0cb7afe1
li_office_2003_pro.iso,"Office Professional Enterprise Edition 2003 (Lithuanian)",c735510a6afdf8d1e5d1d4c79304db0f9a041bb9
li_office_2003_sp1.iso,"Office 2003 Service Pack 1 (Lithuanian)",013540f47aa31696ddb18faeadbc86a2d5223e65
li_office_2003_sp2.exe,"Office 2003 Service Pack 2 (Lithuanian)",1d23da81ec7bc86ee9a39bbef96c291f49d17a4c
li_office_2003_sr2_for_mui.exe,"Office 2003 Service Pack 2 for Multilingual User Interface Pack (Lithuanian)",bacf34dea26575f9dddcb186755ad57504cdd13c
li_office_xp_sp3.iso,"Office XP Service Pack 3 (Lithuanian)",de9c01e0d724310a4f832f199a2590d10c407ad8
lightswitchhtmlclientpreviewvhd.part01.exe,"LightSwitch HTML Client Preview for Visual Studio 2012 (Part 1 of 4) (x86) - (English)",2dcb6e50ae93f341d2109459a762e31da494e7dc
lightswitchhtmlclientpreviewvhd.part02.rar,"LightSwitch HTML Client Preview for Visual Studio 2012 (Part 2 of 4) (x86) - (English)",b9e205f25d8cea91fb22928547676743f1ca62d8
lightswitchhtmlclientpreviewvhd.part03.rar,"LightSwitch HTML Client Preview for Visual Studio 2012 (Part 3 of 4) (x86) - (English)",0dc04b8181e6a1d472d99cd3f03d91d37637c77b
lightswitchhtmlclientpreviewvhd.part04.rar,"LightSwitch HTML Client Preview for Visual Studio 2012 (Part 4 of 4) (x86) - (English)",eebe8e2857e9bd80f64e3e96f8698bd7777847a2
lo_ui_strings_glossary_october_2014_x86_x64_5643761.zip,"UI Strings Glossary October 2014 (x86 and x64) - (Lao)",b6a1a49cde32cde733476f6d556ecdf5fa787a81
lt_2007_microsoft_office_suite_service_pack_2_x86.exe,"2007 Microsoft Office Suite Service Pack 2 (x86) - (Lithuanian)",9f2beda6166a373361558c48e42bb0b85c7cbe71
lt_access_2010_x64_563407.exe,"Access 2010 (x64) - (Lithuanian)",af3d3de9cd8100d5615176d45bf76f7f10096862
lt_access_2010_x86__x64_dvd_563395.iso,"Access 2010 (x86 and x64) - DVD (Lithuanian)",13be4b99d8cc29c64da6ea554a768cf36a16ee30
lt_access_2010_x86_563393.exe,"Access 2010 (x86) - (Lithuanian)",66d76a9d405ecef5db3daf32829e0788088598f7
lt_access_2013_x64_1692188.exe,"Access 2013 (x64) - (Lithuanian)",1c3fae4bdb25b564e0424f768d911078cf4661c6
lt_access_2013_x86_1692187.exe,"Access 2013 (x86) - (Lithuanian)",329f53f22eddd6ecf021136a0af6c11e260f9a8e
lt_access_2013_x86_x64_dvd_1692191.iso,"Access 2013 (x86 and x64) - DVD (Lithuanian)",7e446709294ba1b63ad2c0951c5cfa3cd7d12043
lt_business_contact_manager_for_outlook_2010_x64_511446.exe,"Business Contact Manager for Outlook 2010 (x64) - (Lithuanian)",f92b0c6db41dcd6f420d41eaf0f8cb21ee882181
lt_business_contact_manager_for_outlook_2010_x86_511445.exe,"Business Contact Manager for Outlook 2010 (x86) - (Lithuanian)",f2cfaf0847e4384a0642ceb86be44c801714856f
lt_business_contact_manager_for_outlook_2010_x86_x64_dvd_511447.iso,"Business Contact Manager for Outlook 2010 (x86 and x64) - DVD (Lithuanian)",43bbd96f31c44e4e60b9961ecf34fc3ec6f653f6
lt_dynamics_nav_2009_r2_x86_dvd_617271.iso,"Dynamics NAV 2009 R2 (x86) - DVD (Lithuanian)",6d91beff239612d74806f1ad38067a16ad87b081
lt_infopath_2010__x86_x64_dvd_563425.iso,"InfoPath 2010 (x86 and x64) - DVD (Lithuanian)",b10b47e82f580c1e684a9c79cc280c76f359cc22
lt_infopath_2010_x64_563399.exe,"InfoPath 2010 (x64) - (Lithuanian)",a32fc583ad66e16bd54b0eb360824a5d01607de5
lt_infopath_2010_x86_563433.exe,"InfoPath 2010 (x86) - (Lithuanian)",03cba0bbecb5db02c5522aec3367585900b24eb9
lt_infopath_2013_x64_1680033.exe,"InfoPath 2013 (x64) - (Lithuanian)",2150ffbcc36712b85ac3134bc601467ed46ab2c7
lt_infopath_2013_x86_1680031.exe,"InfoPath 2013 (x86) - (Lithuanian)",832a2ef53723b8930d226ec3dc5829c802d3c59c
lt_infopath_2013_x86_x64_dvd_1680035.iso,"InfoPath 2013 (x86 and x64) - DVD (Lithuanian)",bcbe5045665d6138b20e7ca59b6cd072196e367b
lt_lync_2010_x64_615697.exe,"Lync 2010 (x64) - (Lithuanian)",317a31cacd56495a1f0e61e1a775584427a03539
lt_lync_2010_x86_615692.exe,"Lync 2010 (x86) - (Lithuanian)",2051558adc43654e78000dba06e7b7eddf2b25f5
lt_lync_2013_with_sp1_x86_and_x64_dvd_3857357.iso,"Lync 2013 with Service Pack 1 (x86 and x64) - DVD (Lithuanian)",a541b10714bf751a7252f5a6f0fffc1b78c808f4
lt_lync_2013_x86_x64_dvd_1688774.iso,"Lync 2013 (x86 and x64) - DVD (Lithuanian)",b4d858848927d06f8ed14dad45bd65a0fcb69f9a
lt_microsoft_dynamics_crm_2011_language_pack_x64.exe,"Microsoft Dynamics CRM 2011 Language Pack (x64) -  (Lithuanian)",99a1bad8aa4f1a253078025ff66f2e4cab6a1875
lt_microsoft_dynamics_crm_2011_language_pack_x86.exe,"Microsoft Dynamics CRM 2011 Language Pack (x86) -  (Lithuanian)",c04320616c91ba0f80f67a87a456b205aa86f4fd
lt_microsoft_dynamics_crm_2013_language_pack_sp1_x64_4330425.exe,"Microsoft Dynamics CRM 2013 Language Pack SP1 (x64) - (Lithuanian)",a13b0fefe084c5a80347befc7aa8c594abf6637b
lt_microsoft_dynamics_crm_2013_language_pack_sp1_x86_4330425.exe,"Microsoft Dynamics CRM 2013 Language Pack SP1 (x86) - (Lithuanian)",9b6dad443fa225510bada7249747a7a4ca59317a
lt_microsoft_dynamics_crm_2013_language_pack_x64.exe,"Microsoft Dynamics CRM 2013 Language Pack (x64) - (Lithuanian)",5302ee941e9458ae81929842efa431037e0cd0a7
lt_microsoft_dynamics_crm_2013_language_pack_x86.exe,"Microsoft Dynamics CRM 2013 Language Pack (x86) - (Lithuanian)",6a88df04a8c87fb324f37e94dd755128679ffaa7
lt_office_2003_service_pack_3_x86.exe,"Office 2003 Service Pack 3 (x86) - (Lithuanian)",67b0274f4b0995009ccd91e5234d15e329df6f73
lt_office_2013_single_language_pack_with_sp1_x64_3858147.exe,"Office 2013 Single Language Pack with Service Pack 1 (x64) - (Lithuanian)",eaf3cbc54d80d901e4d81b949a2867fe80549549
lt_office_2013_single_language_pack_with_sp1_x86_3858143.exe,"Office 2013 Single Language Pack with Service Pack 1 (x86) - (Lithuanian)",9bda8c2e7d838da830d0d9e53d0128f3abd5f814
lt_office_2013_single_language_pack_with_sp1_x86_and_x64_dvd_3858150.iso,"Office 2013 Single Language Pack with Service Pack 1 (x86 and x64) - DVD (Lithuanian)",87da5da5e9e1f1d0e3885711ceb47b15dc79bfb8
lt_office_2013_single_language_pack_x64_dvd_1679720.iso,"Office 2013 Single Language Pack (x64) - DVD (Lithuanian)",cbb623d951810f6965270af84a328dedd039b0f9
lt_office_2013_single_language_pack_x86_dvd_1679718.iso,"Office 2013 Single Language Pack (x86) - DVD (Lithuanian)",2e720ac9b3419d2ff025bf146fdea00882b44c91
lt_office_2013_single_language_pack_x86_x64_dvd_1679721.iso,"Office 2013 Single Language Pack (x86 and x64) - DVD (Lithuanian)",4ad55a81034bc2d563e834824db5ffdf46d76a38
lt_office_access_2007_cd_x12-19369.iso,"Office Access 2007 (Lithuanian)",53201d180eb872325fc3ceb898a1ec23e0f6c1d6
lt_office_business_contact_manager_2007_cd_x12-44216.iso,"Office Business Contact Manager 2007 (Lithuanian)",b3df9a1f89c3ca240e5b76a064a1a9e1268c9c30
lt_office_communicator_2007_r2_x86_cd_328444.iso,"Office Communicator 2007 R2 (x86) - CD (Lithuanian)",b351c188d812a9c1a66598c30360671a736aaf9a
lt_office_communicator_2007_x86_cd_x13-78491.iso,"Office Communicator 2007 (x86) - CD (Lithuanian)",d9b43dcc933801882f80cebd791386e351b0f6cb
lt_office_enterprise_2007_dvd_vl_x12-19587.iso,"Office Enterprise 2007 - DVD (Lithuanian)",509e7cb2b410f5d38666e4f3178c408c3e03e6c6
lt_office_enterprise_2007_united_states_x86_dvd_481344.iso,"Office Enterprise 2007 (x86) - DVD (Lithuanian) (United States)",462019cac498763318aa8489b48482f4755975f3
lt_office_groove_2007_cd_x12-19370.iso,"Office Groove 2007 (Lithuanian)",d51a6efca483bfc5a223ddb69796316e84c4592d
lt_office_infopath_2007_cd_x12-19359.iso,"Office InfoPath 2007 (Lithuanian)",6f7302daed17b6c465625d6fd5904fc15cee30e5
lt_office_language_pack_2007_cd_x12-47253.iso,"Office 2007 Language Pack (Lithuanian)",97dea4aa23404a0a511448be1932499e4a8c5218
lt_office_language_pack_2010_x64_563434.exe,"Office 2010 Language Pack (x64) - (Lithuanian)",958affa9a3136d2c3840683d741b9be8e9f04d1e
lt_office_language_pack_2010_x64_dvd_563409.iso,"Office 2010 Language Pack (x64) - DVD (Lithuanian)",310052d5d0a58680f913bf7653e464d347f49ca9
lt_office_language_pack_2010_x86_563415.exe,"Office 2010 Language Pack (x86) - (Lithuanian)",7bd05c47fc58fa4a62cf524d0e3c770317df94c7
lt_office_language_pack_2010_x86_dvd_563402.iso,"Office Language Pack 2010 (x86) - DVD (Lithuanian)",44fee638e38a1a15db81ec21534c65b167c46a84
lt_office_language_pack_2010_x86_x64_dvd_563411.iso,"Office 2010 Language Pack (x86 and x64) - DVD (Lithuanian)",78118f2525c57b393ae3162a8ffd753a4b3a48be
lt_office_onenote_2007_cd_x12-19362.iso,"Office OneNote 2007 (Lithuanian)",cd7860115be25fc59cadb5db8a9bd637c5eff243
lt_office_outlook_2007_cd_x12-19361.iso,"Office Outlook 2007 (Lithuanian)",8393e550cb199f74ddf607b3dadfba03f43e3969
lt_office_professiona_plus_2010_x86_x64_dvd_563414.iso,"Office Professional Plus 2010 (x86 and x64) - DVD (Lithuanian)",80786088d0b29ea533770dba51f58b8638e63b80
lt_office_professional_2007_cd_x12-46632.iso,"Office Professional 2007 (Lithuanian)",2235aa47c71aef2a38f8c210d163624ad7b55300
lt_office_professional_2007_united_states_x86_cd_480553.iso,"Office Professional 2007 (x86) - CD (Lithuanian) (United States)",76244327a71f95e827c15673d922b36ee69d22f9
lt_office_professional_enterprise_edition_2003_united_states_x86_cd_489195.iso,"Office Professional Enterprise Edition 2003 (x86) - CD (Lithuanian) (United States)",d5cfc6c6a8a923137924e3af65ebce1c3e17bf57
lt_office_professional_plus_2007_cd_x12-38682.iso,"Office Professional Plus 2007 (Lithuanian)",82a317d4963fff65146c25eacfd42b4937b95b20
lt_office_professional_plus_2007_united_states_x86_cd_481880.iso,"Office Professional Plus 2007 (x86) - CD (Lithuanian) (United States)",a54c33d7367a4b16b306513fc4c713e91932bfd9
lt_office_professional_plus_2010_with_sp1_x86_x64_dvd_733480.iso,"Office Professional Plus 2010 with Service Pack 1 (x86 and x64) - DVD (Lithuanian) ",62b807208c62c8e7a54c3dd3b09ce539b19aa530
lt_office_professional_plus_2010_x64_563420.exe,"Office Professional Plus 2010 (x64) - (Lithuanian)",8f1a938b5fc3e1f626e6a020cf085a2e0477544b
lt_office_professional_plus_2010_x86_563441.exe,"Office Professional Plus 2010 (x86) - (Lithuanian)",52230daf15abcef970dffe33dde47f3fc96535e3
lt_office_professional_plus_2013_with_sp1_x64_dvd_3928177.iso,"Office Professional Plus 2013 with Service Pack 1 (x64) - DVD (Lithuanian)",2af9f199f68b98b5fe1b940ab40da31aec6a57c2
lt_office_professional_plus_2013_with_sp1_x86_and_x64_dvd_3928179.iso,"Office Professional Plus 2013 with Service Pack 1 (x86 and x64) - DVD (Lithuanian)",019fc00856b363a2910c4278dfcc542fc15e944d
lt_office_professional_plus_2013_with_sp1_x86_dvd_3928175.iso,"Office Professional Plus 2013 with Service Pack 1 (x86) - DVD (Lithuanian)",33e9cc8d2ed6dc10b66a86356b996b62031c302c
lt_office_professional_plus_2013_x64_dvd_1677227.iso,"Office Professional Plus 2013 (x64) - DVD (Lithuanian)",29450aec582ff207a1eea5bee539bfa43716a0b1
lt_office_professional_plus_2013_x86_dvd_1677217.iso,"Office Professional Plus 2013 (x86) - DVD (Lithuanian)",210935048eb190831dd94c953e3e03e693eccdf8
lt_office_professional_plus_2013_x86_x64_dvd_1679645.iso,"Office Professional Plus 2013 (x86 and x64) - DVD (Lithuanian)",4310afa5dc87fcaeb4075bc40cfa8fa361b4ac58
lt_office_publisher_2007_cd_x12-19363.iso,"Office Publisher 2007 (Lithuanian)",c2d553d3406ceea91b079654bd84a7cea12f0c06
lt_office_servers_2013_language_pack_with_service_pack_1_x64_dvd_3857559.iso,"Office Servers 2013 Language Pack with Service Pack 1 (x64) - DVD (Lithuanian)",cff1a165be243a3e96fa73bf7d4b2ce46d33995d
lt_office_servers_2013_language_pack_x64_dvd_1676976.iso,"Office Servers 2013 Language Pack (x64) - DVD (Lithuanian)",83dd7b6f13313652dad26833b6736ce7b6c10da6
lt_office_servers_language_pack_2010_x64_563499.exe,"Office Servers 2010 Language Pack (x64) - (Lithuanian)",58e374a56f29c4f6b13c2c9e8b253a063ddee89d
lt_office_servers_language_pack_2010_x64_dvd_563427.iso,"Office Servers 2010 Language Pack (x64) - DVD (Lithuanian)",a54ccc443624c6c560471d57b1cbc61d1e073edf
lt_office_standard_2007_united_states_x86_cd_481876.iso,"Office Standard 2007 (x86) - CD (Lithuanian) (United States)",cb1de883bbb666d97c4a2d09a7bd1cace17bb24b
lt_office_standard_2007_x86_cd_x12-19357.iso,"Office Standard 2007 (x86) - CD (Lithuanian)",ee7906388b8a2e115b892d7da42002de6a797a96
lt_office_standard_2010_with_sp1_x86_x64_dvd_733560.iso,"Office Standard 2010 with Service Pack 1 (x86 and x64) - DVD (Lithuanian) ",a4913d4c66f7120c4c8b23d559a11d9c7c15a692
lt_office_standard_2010_x64_563484.exe,"Office Standard 2010 (x64) - (Lithuanian)",cc3b541f7f000deaa7cd26035d30f064da2fe392
lt_office_standard_2010_x86_563509.exe,"Office Standard 2010 (x86) - (Lithuanian)",4569d1ccdda94337523e97c6a0cc21b870d63fb4
lt_office_standard_2010_x86_x64_dvd_563440.iso,"Office Standard 2010 (x86 and x64) - DVD (Lithuanian)",bc5e084c2a562c65755775e43c231ba8c7484e21
lt_office_suite_2007_service_pack_1_x86_cd_x13-87891.iso,"Office Suite 2007 Service Pack 1 (x86) - CD (Lithuanian)",8042619c9df5e269726aec818b0e06dae5a6f23a
lt_office_ultimate_2007_dvd_x12-22255.iso,"Office Ultimate 2007 - DVD (Lithuanian)",43e0622d7e9fcd5db5c5e973bf45bc2ebe6d174e
lt_office_ultimate_2007_united_states_x86_dvd_481719.iso,"Office Ultimate 2007 (x86) - DVD (Lithuanian) (United States)",1d128f792b43b9420120738f14064e590ffb32f5
lt_office_web_apps_2013_language_pack_x64_dvd_1677148.iso,"Office Web Apps Server 2013 Language Pack (x64) - DVD (Lithuanian)",e1377ba0aed961a103bd008468954bd951a4600c
lt_office_xp_professional_cd_x09-86273.iso,"Office XP Professional - CD (Lithuanian)",c95367f7344895e4b721c4b4efb1e0c9270a90ea
lt_onenote_2010_x64_563492.exe,"OneNote 2010 (x64) - (Lithuanian)",4bfc6d03db1d96dc11443f2b409a8e9fc7a16640
lt_onenote_2010_x86_563494.exe,"OneNote 2010 (x86) - (Lithuanian)",05041dc40ee71cef2d8c6c2d0e3baf58b3d02562
lt_onenote_2010_x86_x64_dvd_563483.iso,"OneNote 2010 (x86 and x64) - DVD (Lithuanian)",8724bf5de4496bce7aebbd9d2c3ebce05cf9bcdc
lt_onenote_2013_x64_1689018.exe,"OneNote 2013 (x64) - (Lithuanian)",80fd1a959e1244c2585d94ab8b67a9ebb70c2624
lt_onenote_2013_x86_1689045.exe,"OneNote 2013 (x86) - (Lithuanian)",a8951c2165fcd762b69e8091692f5e4b67996830
lt_onenote_2013_x86_x64_dvd_1689020.iso,"OneNote 2013 (x86 and x64) - DVD (Lithuanian)",94177a53f4d984acfed9c21896bea0c802f4818f
lt_outlook_2010_x64_563490.exe,"Outlook 2010 (x64) - (Lithuanian)",32dcf85f19b5b9b319e84aaeaa261c2c5e5a4dd7
lt_outlook_2010_x86_563493.exe,"Outlook 2010 (x86) - (Lithuanian)",51258b60eef48df0b2e13ac77ffd39fda48867f8
lt_outlook_2010_x86_x64_dvd_563496.iso,"Outlook 2010 (x86 and x64) - DVD (Lithuanian)",13029bf9c3f9496a470ea51c43ded00ce2b6fe31
lt_publisher_2010_x64_563438.exe,"Publisher 2010 (x64) - (Lithuanian)",11c1a441fbfbf11dcebe2e06211344e9dca9f69c
lt_sharepoint_server_2010_language_pack_with_service_pack_2_x64_4173490.exe,"SharePoint Server 2010 Language Pack with Service Pack 2 (x64) - (Lithuanian)",063b79ec5a7087767a663cbf6dfa166e20e9b3db
lt_sharepoint_workspace_2010_x64_563477.exe,"SharePoint Workspace 2010 (x64) - (Lithuanian)",927fbf2a1d9218091bd7ae00b75c5f727ebae962
lt_sharepoint_workspace_2010_x86_563437.exe,"SharePoint Workspace 2010 (x86) - (Lithuanian)",519aca292b5358041461732e2dc2665e9840a171
lt_sharepoint_workspace_2010_x86_x64_dvd_563475.iso,"SharePoint Workspace 2010 (x86 and x64) - DVD (Lithuanian)",673d938c091197d2acff104e97e1555c3fab3e6a
lt_ui_strings_glossary_october_2014_x86_x64_5643761.zip,"UI Strings Glossary October 2014 (x86 and x64) - (Lithuanian)",eba386743560609d9023bb2a49a68f1892d67143
lt_windows_7_enterprise_n_with_sp1_x64_dvd_u_677743.iso,"Windows 7 Enterprise N with Service Pack 1 (x64) - DVD (Lithuanian)",71a218451b3ec65095214d4f615d425058635cdf
lt_windows_7_enterprise_n_with_sp1_x86_dvd_u_677741.iso,"Windows 7 Enterprise N with Service Pack 1 (x86) - DVD (Lithuanian)",e1d9e2594fe8b08d9f4241e4fd2add74fdbbf70b
lt_windows_7_enterprise_n_x64_dvd_x16-11911.iso,"Windows 7 Enterprise N (x64) - DVD (Lithuanian)",5d18c3fa08c19d1a118884bb14a2c0e943ff09bc
lt_windows_7_enterprise_n_x86_dvd_x16-11903.iso,"Windows 7 Enterprise N (x86) - DVD (Lithuanian)",fde7c9237c74c4b3ccdbb9d369ae585b6d916009
lt_windows_7_enterprise_with_sp1_x64_dvd_u_677663.iso,"Windows 7 Enterprise with Service Pack 1 (x64) - DVD (Lithuanian)",055e331287038c78e3bd535bb646d213ff93b5f3
lt_windows_7_enterprise_with_sp1_x86_dvd_u_677764.iso,"Windows 7 Enterprise with Service Pack 1 (x86) - DVD (Lithuanian)",ab04ae24bd8514ca16cf39be9831254540626243
lt_windows_7_enterprise_x64_dvd_x15-70709.iso,"Windows 7 Enterprise (x64) - DVD (Lithuanian)",71d3494858f5b411b36dc855e5ac69271f0c58d5
lt_windows_7_enterprise_x86_dvd_x15-70705.iso,"Windows 7 Enterprise (x86) - DVD (Lithuanian)",d8bde53f98e66180b316175c52139e63dee573fd
lt_windows_7_home_basic_with_sp1_x86_dvd_u_676485.iso,"Windows 7 Home Basic with Service Pack 1 (x86) - DVD (Lithuanian)",ba55c02860fc538aa88086d80d2c5f0f6eae5cb5
lt_windows_7_home_basic_x86_dvd_x15-65681.iso,"Windows 7 Home Basic (x86) - DVD (Lithuanian)",f10ac8bb9915de71c36bb180f3faa9c3b360e879
lt_windows_7_home_premium_n_with_sp1_x64_dvd_u_676828.iso,"Windows 7 Home Premium N with Service Pack 1 (x64) - DVD (Lithuanian)",42cc05eaf52c275522ee0dd0c353e7d5cb4e8a1c
lt_windows_7_home_premium_n_with_sp1_x86_dvd_u_676940.iso,"Windows 7 Home Premium N with Service Pack 1 (x86) - DVD (Lithuanian)",5cc99028984c93fec8d260c31cb8fc226aae1c6e
lt_windows_7_home_premium_n_x64_dvd_x16-13494.iso,"Windows 7 Home Premium N (x64) - DVD (Lithuanian)",3b1d727633e4933bba7005d5bb4bce336bb548ba
lt_windows_7_home_premium_n_x86_dvd_x16-13492.iso,"Windows 7 Home Premium N (x86) - DVD (Lithuanian)",4f15c2d13465b1a2af7f0e9a12a3ae57625c95e7
lt_windows_7_home_premium_with_sp1_x64_dvd_u_676552.iso,"Windows 7 Home Premium with Service Pack 1 (x64) - DVD (Lithuanian)",92bfa048e505955d5f6df6347736ee6cfd870cdd
lt_windows_7_home_premium_with_sp1_x86_dvd_u_676715.iso,"Windows 7 Home Premium with Service Pack 1 (x86) - DVD (Lithuanian)",4bdf2661dffd2a2c745e9893f7de6b0de9117801
lt_windows_7_home_premium_x64_dvd_x15-65753.iso,"Windows 7 Home Premium (x64) - DVD (Lithuanian)",253584806435351631e775241da000d8804d19fa
lt_windows_7_home_premium_x86_dvd_x15-65752.iso,"Windows 7 Home Premium (x86) - DVD (Lithuanian)",7b05e97e03e3cae4a2cc14e6c6cfab21e7d3c2ee
lt_windows_7_professional_n_with_sp1_x64_dvd_u_677169.iso,"Windows 7 Professional N with Service Pack 1 (x64) - DVD (Lithuanian)",4b67d8b07f722a935a7c951885b8a67e99aad818
lt_windows_7_professional_n_with_sp1_x86_dvd_u_677370.iso,"Windows 7 Professional N with Service Pack 1 (x86) - DVD (Lithuanian)",da934c41091ef254a82a704e40f9cd6f64002bb5
lt_windows_7_professional_n_x64_dvd_x16-13586.iso,"Windows 7 Professional N (x64) - DVD (Lithuanian)",b6c5c53a4d6ea1e8b0ace306cc309e705bc3fe74
lt_windows_7_professional_n_x86_dvd_x16-13584.iso,"Windows 7 Professional N (x86) - DVD (Lithuanian)",5a4ab7b2b608144269b6d12ece25f1cfc52c92b5
lt_windows_7_professional_vl_build_x64_dvd_x15-70997.iso,"Windows 7 Professional, VL Build (x64) - DVD (Lithuanian)",9855dd50c05f6177714c31b8c7314cbbb63f22de
lt_windows_7_professional_vl_build_x86_dvd_x15-70993.iso,"Windows 7 Professional, VL Build (x86) - DVD (Lithuanian)",f5dd5046b7c402dd5faf2f5008142f37c7a1864c
lt_windows_7_professional_with_sp1_vl_build_x64_dvd_u_677861.iso,"Windows 7 Professional with Service Pack 1, VL Build (x64) - DVD (Lithuanian)",5f257496d2a884ceca0a63c65f163679ec49bfc0
lt_windows_7_professional_with_sp1_vl_build_x86_dvd_u_677792.iso,"Windows 7 Professional with Service Pack 1, VL Build (x86) - DVD (Lithuanian)",2763e21a736e5f5b5e3fe6ea7d91f5aac698fed9
lt_windows_7_professional_with_sp1_x64_dvd_u_676955.iso,"Windows 7 Professional with Service Pack 1 (x64) - DVD (Lithuanian)",8b7b8ea11260ed0eaca7dfbf6456ca1813f88d20
lt_windows_7_professional_with_sp1_x86_dvd_u_677053.iso,"Windows 7 Professional with Service Pack 1 (x86) - DVD (Lithuanian)",9f4d6995d4645943f764978dc039d2ca3fefa9de
lt_windows_7_professional_x64_dvd_x15-65825.iso,"Windows 7 Professional (x64) - DVD (Lithuanian)",ba54002e35e00f4a93ccec3410dc4df693ce2f8b
lt_windows_7_professional_x86_dvd_x15-65824.iso,"Windows 7 Professional (x86) - DVD (Lithuanian)",2bfba4265abf14f6117b4d159ebcfa7cff0b3748
lt_windows_7_starter_n_with_sp1_x86_dvd_u_678448.iso,"Windows 7 Starter N with Service Pack 1 (x86) - DVD (Lithuanian)",669f564efa12cff778d866bc36f15623edbea98a
lt_windows_7_starter_n_x86_dvd_x16-15941.iso,"Windows 7 Starter N (x86) - DVD (Lithuanian)",ecf7ab4c57d6a327c11fb8d4a4e975fb59afee0c
lt_windows_7_starter_with_sp1_x86_dvd_u_678360.iso,"Windows 7 Starter with Service Pack 1 (x86) - DVD (Lithuanian)",8b065342411e2a377668a3462d2c875d36454b94
lt_windows_7_starter_x86_dvd_x15-69374.iso,"Windows 7 Starter (x86) - DVD (Lithuanian)",3cfa8b9edb7fa13a56c63e1c110125f46eb88bce
lt_windows_7_ultimate_n_with_sp1_x64_dvd_u_677552.iso,"Windows 7 Ultimate N with Service Pack 1 (x64) - DVD (Lithuanian)",0bddb529a800bf1063e6c1255ef9c167c1a25cad
lt_windows_7_ultimate_n_with_sp1_x86_dvd_u_677606.iso,"Windows 7 Ultimate N with Service Pack 1 (x86) - DVD (Lithuanian)",a93827138e8e64ce1b98c32ddf492b6c963a6029
lt_windows_7_ultimate_n_x64_dvd_x16-13659.iso,"Windows 7 Ultimate N (x64) - DVD (Lithuanian)",c4e158ddbb8e200ffe741375227d3d3f432b0de0
lt_windows_7_ultimate_n_x86_dvd_x16-13658.iso,"Windows 7 Ultimate N (x86) - DVD (Lithuanian)",f04f9de594d8330817ccc4a20684bbb64c63bfc3
lt_windows_7_ultimate_with_sp1_x64_dvd_u_677379.iso,"Windows 7 Ultimate with Service Pack 1 (x64) - DVD (Lithuanian)",7bbf0f48937f4fcbbca63dce2cf2945cec1d6bc5
lt_windows_7_ultimate_with_sp1_x86_dvd_u_677447.iso,"Windows 7 Ultimate with Service Pack 1 (x86) - DVD (Lithuanian)",a49b13daeaf462b05756e0d6d45aa29da0bd142c
lt_windows_7_ultimate_x64_dvd_x15-65942.iso,"Windows 7 Ultimate (x64) - DVD (Lithuanian)",454757d8f2d14f40c31d86691498eed027ee9bf4
lt_windows_7_ultimate_x86_dvd_x15-65941.iso,"Windows 7 Ultimate (x86) - DVD (Lithuanian)",75d6c6aeb4149f93762fadf2cbe3175438dd3e80
lt_windows_8_1_enterprise_n_x64_dvd_2971880.iso,"Windows 8.1 Enterprise N (x64) - DVD (Lithuanian)",c7d27ee3b6d9dc04faab46b559270c5cb00d8086
lt_windows_8_1_enterprise_n_x86_dvd_2971892.iso,"Windows 8.1 Enterprise N (x86) - DVD (Lithuanian)",8af492610ca250f8016944e710e3cb10d566991d
lt_windows_8_1_enterprise_x64_dvd_2972012.iso,"Windows 8.1 Enterprise (x64) - DVD (Lithuanian)",8655c3153a6d625938eed9e1f6e24a22ee053989
lt_windows_8_1_enterprise_x86_dvd_2972323.iso,"Windows 8.1 Enterprise (x86) - DVD (Lithuanian)",41668e5901834ac09254a27d75aa67e1030e2a66
lt_windows_8_1_n_x64_dvd_2707921.iso,"Windows 8.1 N (multiple editions) (x64) - DVD (Lithuanian)",052dd4e3d8f8d6a9210aa17287eea137497d37e2
lt_windows_8_1_n_x86_dvd_2707920.iso,"Windows 8.1 N (multiple editions) (x86) - DVD (Lithuanian)",65f685de863cd7dfe5262c446bc2ef3f9660dc50
lt_windows_8_1_pro_n_vl_x64_dvd_2972048.iso,"Windows 8.1 Pro N VL (x64) - DVD (Lithuanian)",33dc66fb33983478ffc0be879457c31d3fdb5b66
lt_windows_8_1_pro_n_vl_x86_dvd_2972734.iso,"Windows 8.1 Pro N VL (x86) - DVD (Lithuanian)",18703e07c0628a2767ad0322a8c415dc37ae49f9
lt_windows_8_1_pro_vl_x64_dvd_2972015.iso,"Windows 8.1 Pro VL (x64) - DVD (Lithuanian)",c448385ca73ce57eb30d36608930744b1576385e
lt_windows_8_1_pro_vl_x86_dvd_2972656.iso,"Windows 8.1 Pro VL (x86) - DVD (Lithuanian)",b61ae847617f22ebc6e33e2bc92e54643ee7cc1b
lt_windows_8_1_x64_dvd_2707439.iso,"Windows 8.1 (multiple editions) (x64) - DVD (Lithuanian)",953512fb2dbff85ba77c1f76717cc4165aecbc67
lt_windows_8_1_x86_dvd_2707560.iso,"Windows 8.1 (multiple editions) (x86) - DVD (Lithuanian)",0d5c0826a4467abdfc33a8b0badba59d88319887
lt_windows_8_enterprise_n_x64_dvd_918062.iso,"Windows 8 Enterprise N (x64) - DVD (Lithuanian)",9a129e83461e7b75642d398b6cefd31df0af778e
lt_windows_8_enterprise_n_x86_dvd_918724.iso,"Windows 8 Enterprise N (x86) - DVD (Lithuanian)",2ad20af21c5c7220a72042eec3c479f7c3dc651c
lt_windows_8_enterprise_x64_dvd_917922.iso,"Windows 8 Enterprise (x64) - DVD (Lithuanian)",c8ce3b9c6d1d23085963c05cf0dc4876c9d7ad1f
lt_windows_8_enterprise_x86_dvd_917678.iso,"Windows 8 Enterprise (x86) - DVD (Lithuanian)",c608d5a58e9282be2fe70953f05f2deefafbfb64
lt_windows_8_n_x64_dvd_915813.iso,"Windows 8 N (multiple editions) (x64) - DVD (Lithuanian)",feac16b59299bf7fce4c74a823274b6e10b280d7
lt_windows_8_n_x86_dvd_916102.iso,"Windows 8 N (multiple editions) (x86) - DVD (Lithuanian)",510ed76dfcc9320ee6d3e9883195e7927f7f39c4
lt_windows_8_pro_n_vl_x64_dvd_918858.iso,"Windows 8 Pro N VL (x64) - DVD (Lithuanian)",3e6d146609afe9420cd65c6120517a5e4e4561aa
lt_windows_8_pro_n_vl_x86_dvd_918693.iso,"Windows 8 Pro N VL (x86) - DVD (Lithuanian)",28477bde69ceece49089f65aede20f5bec38641b
lt_windows_8_pro_vl_x64_dvd_917954.iso,"Windows 8 Pro VL (x64) - DVD (Lithuanian)",da57ac81f8b0903e76cacb2673a31855bde71812
lt_windows_8_pro_vl_x86_dvd_918155.iso,"Windows 8 Pro VL (x86) - DVD (Lithuanian)",421ba37fea74ac614345a60909e61307057016e9
lt_windows_8_x64_dvd_915431.iso,"Windows 8 (multiple editions) (x64) - DVD (Lithuanian)",ed9b0740d26fe2bd858531befd4813f68e9d00a7
lt_windows_8_x86_dvd_915493.iso,"Windows 8 (multiple editions) (x86) - DVD (Lithuanian)",e7ee6023ce9de6fb8bdfa1b8b8ff2915c3487cea
lt_windows_8.1_enterprise_n_with_update_x64_dvd_4048645.iso,"Windows 8.1 Enterprise N with Update (x64) - DVD (Lithuanian)",8174d2c0dbd42c3d87da72d6f48b6a3eaf3bdd99
lt_windows_8.1_enterprise_n_with_update_x86_dvd_4050419.iso,"Windows 8.1 Enterprise N with Update (x86) - DVD (Lithuanian)",71dad5f953471fdc61852fc4bd705ff0d6af5194
lt_windows_8.1_enterprise_with_update_x64_dvd_4048681.iso,"Windows 8.1 Enterprise with Update (x64) - DVD (Lithuanian)",24cec07e2a85260d7a77904c38bd72388e1868e9
lt_windows_8.1_enterprise_with_update_x86_dvd_4050487.iso,"Windows 8.1 Enterprise with Update (x86) - DVD (Lithuanian)",311172e1a6aa11f3822882f029e4f3d4ee68889e
lt_windows_8.1_n_with_update_x64_dvd_4048359.iso,"Windows 8.1 N with Update (multiple editions) (x64) - DVD (Lithuanian)",837a9fe4ff9ae2f39f907b9f82dc02bc93175d11
lt_windows_8.1_n_with_update_x86_dvd_4048223.iso,"Windows 8.1 N with Update (multiple editions) (x86) - DVD (Lithuanian)",c50f44312e526dec4b7326161287c5c73c564e95
lt_windows_8.1_professional_n_vl_with_update_x64_dvd_4050425.iso,"Windows 8.1 Professional N VL with Update (x64) - DVD (Lithuanian)",a030c704325546d1ce5af66975a2b312e7bd7ae2
lt_windows_8.1_professional_n_vl_with_update_x86_dvd_4051007.iso,"Windows 8.1 Professional N VL with Update (x86) - DVD (Lithuanian)",8cd6b822cfd99d38bd629cfe1ce207f4910aad40
lt_windows_8.1_professional_vl_with_update_x64_dvd_4050494.iso,"Windows 8.1 Professional VL with Update (x64) - DVD (Lithuanian)",9478253af6324c2389edd7e51a86446d439eac2a
lt_windows_8.1_professional_vl_with_update_x86_dvd_4048727.iso,"Windows 8.1 Professional VL with Update (x86) - DVD (Lithuanian)",524856cc11859f84b36ef142be78d6834f14f8ea
lt_windows_8.1_with_update_x64_dvd_4048311.iso,"Windows 8.1 with Update (multiple editions) (x64) - DVD (Lithuanian)",53b73e6bf00a73acf56effad6615d995f9811bde
lt_windows_8.1_with_update_x86_dvd_4048245.iso,"Windows 8.1 with Update (multiple editions) (x86) - DVD (Lithuanian)",d3eb29794ad3fd026d19fbed60b0bf22f0c50aa8
lt_windows_embedded_8_1_industry_enterprise_x64_dvd_2710617.iso,"Windows Embedded 8.1 Industry Enterprise (x64) - DVD (Lithuanian)",c5cf38d06213eb96893305be374537dc8cf5449c
lt_windows_embedded_8_1_industry_enterprise_x86_dvd_2710897.iso,"Windows Embedded 8.1 Industry Enterprise (x86) - DVD (Lithuanian)",b245015e3ee4ce01ffb066f93f9a9d6a03f72a58
lt_windows_embedded_8_1_industry_pro_x64_dvd_2707311.iso,"Windows Embedded 8.1 Industry Pro (x64) - DVD (Lithuanian)",5931e09d66ab25eabf5d5bb8b2bb73f93bc77e63
lt_windows_embedded_8_1_industry_pro_x86_dvd_2707565.iso,"Windows Embedded 8.1 Industry Pro (x86) - DVD (Lithuanian)",5c7a5dfc82917dd5caade6b87bf57473767e758b
lt_windows_embedded_8.1_industry_enterprise_with_update_x64_dvd_4050423.iso,"Windows Embedded 8.1 Industry Enterprise with Update (x64) - DVD (Lithuanian)",f8508c7925f1e7bfbafa7e138c969265e7880905
lt_windows_embedded_8.1_industry_enterprise_with_update_x86_dvd_4048676.iso,"Windows Embedded 8.1 Industry Enterprise with Update (x86) - DVD (Lithuanian)",66e12083a7598425e5e64c43673f6c3b6a9d9348
lt_windows_embedded_8.1_industry_pro_with_update_x64_dvd_4050370.iso,"Windows Embedded 8.1 Industry Pro with Update (x64) - DVD (Lithuanian)",acc38aedb132c25e81f036ca0f36f5912e00e2cb
lt_windows_embedded_8.1_industry_pro_with_update_x86_dvd_4048664.iso,"Windows Embedded 8.1 Industry Pro with Update (x86) - DVD (Lithuanian)",f74f86d68ca6a856a2ec961828cfe9283e9a2490
lt_windows_vista_business_n_and_home_basic_n_with_sp2_x64_dvd_x15-36354.iso,"Windows Vista Business N and Home Basic N with Service Pack 2 (x64) - DVD (Lithuanian)",25d7d29aa01100fe5f1b6a087bcf1686d93d8d88
lt_windows_vista_business_n_with_service_pack_1_x64_dvd_x14-40467.iso,"Windows Vista Business N with Service Pack 1 VL (x64) - DVD (Lithuanian)",99880b7e55b18612866e2af608528dc014a5d132
lt_windows_vista_business_n_with_service_pack_1_x86_dvd_x14-40539.iso,"Windows Vista Business N with Service Pack 1 VL (x86) - DVD (Lithuanian)",650c3c6ef8d00e8f28bd00de558fecf8a2947dbc
lt_windows_vista_business_n_x64_dvd_vl_x13-21579.iso,"Windows Vista Business N VL (x64) - DVD (Lithuanian)",90a71aa906f32e9bf4afada4545a47daed60d55b
lt_windows_vista_business_n_x86_dvd_vl_x13-21563.iso,"Windows Vista Business N VL (x86) - DVD (Lithuanian)",1190866c06d6fd2e1fb294459b4d6f34294969ff
lt_windows_vista_business_with_service_pack_1_x64_dvd_x14-56333.iso,"Windows Vista Business with Service Pack 1 VL (x64) - DVD (Lithuanian)",854df669743ebcb7d1bdc4eb3b38fa691f13d38a
lt_windows_vista_business_with_service_pack_1_x86_dvd_x14-56247.iso,"Windows Vista Business with Service Pack 1 VL (x86) - DVD (Lithuanian)",db5c52c3c65f30ef709e4310967b2c3d48a2d815
lt_windows_vista_business_x64_dvd_vl_x13-22919.iso,"Windows Vista Business VL (x64) - DVD (Lithuanian)",1901aab250ff970e2e28dd2a997566d3a7ef69c1
lt_windows_vista_business_x86_dvd_vl_x13-22950.iso,"Windows Vista Business VL (x86) - DVD (Lithuanian)",5dc36fd67003a3490c6ecf637dd620df9ff3f87e
lt_windows_vista_cd1_x12-71796.iso,"Windows Vista (x86) - CD 1 (Lithuanian)",46553d37a241a4a64b8daabd9e95f6eb6a5e2382
lt_windows_vista_cd2_x12-71824.iso,"Windows Vista (x86) - CD 2 (Lithuanian)",4ff65dcecdb1a10cf63fd494858f8218679d9437
lt_windows_vista_cd3_x12-71852.iso,"Windows Vista (x86) - CD 3 (Lithuanian)",c4a1715834db9403212369b94faae5e0120906bc
lt_windows_vista_cd4_x12-71883.iso,"Windows Vista (x86) - CD 4 (Lithuanian)",05595c346f9a5fd8c32ef7c3485ec441c854aa22
lt_windows_vista_dvd_x12-59024.iso,"Windows Vista (x86) - DVD (Lithuanian)",a20e74dcb3781e86069d0f20fe92e466ce866b0c
lt_windows_vista_enterprise_cd1_vl_x13-16927.iso,"Windows Vista Enterprise (x86) - CD 1 (Lithuanian)",56815727193b5467e99b91b704a610371a61fd72
lt_windows_vista_enterprise_cd2_vl_x13-16930.iso,"Windows Vista Enterprise (x86) - CD 2 (Lithuanian)",fff1ca544a4c3290ce59095844bca016e452d48c
lt_windows_vista_enterprise_cd3_vl_x13-16933.iso,"Windows Vista Enterprise (x86) - CD 3 (Lithuanian)",6a0f4dabc643cd6df8b36bfc4baac16e45809625
lt_windows_vista_enterprise_dvd_vl_x13-17023.iso,"Windows Vista Enterprise (x86) - DVD (Lithuanian)",552f5c5d28df1fb1ca44f5dbded9246021378320
lt_windows_vista_enterprise_with_service_pack_1_x64_dvd_x14-55893.iso,"Windows Vista Enterprise with Service Pack 1 (x64) - DVD (Lithuanian)",de07b10a8998c5f5161285d2a7faaca21753800c
lt_windows_vista_enterprise_with_service_pack_1_x86_dvd_x14-55772.iso,"Windows Vista Enterprise with Service Pack 1 (x86) - DVD (Lithuanian)",aa3869e7465b8d766d6a7e968c543e8538e17a57
lt_windows_vista_enterprise_with_sp2_x64_dvd_x15-40394.iso,"Windows Vista Enterprise with Service Pack 2 (x64) - DVD (Lithuanian)",f32b9b1076817fd13db2c67e71a8667a7f3cc530
lt_windows_vista_enterprise_with_sp2_x86_dvd_x15-40249.iso,"Windows Vista Enterprise with Service Pack 2 (x86) - DVD (Lithuanian)",a56b8405616150de79f372db74e0ed57a94199d1
lt_windows_vista_enterprise_x64_dvd_vl_x13-17328.iso,"Windows Vista Enterprise (x64) - DVD (Lithuanian)",e8e14498b720f18fe80ef4ddaceae0a724718ea3
lt_windows_vista_n_with_service_pack_1_x64_dvd_x14-55350.iso,"Windows Vista N with Service Pack 1 (x64) - DVD (Lithuanian)",181a23a1a6bfc689791e9cdc9fc741a3f4a034c6
lt_windows_vista_with_service_pack_1_x64_dvd_x14-29747.iso,"Windows Vista with Service Pack 1 (x64) - DVD (Lithuanian)",002cce8141fee277c05988c47b68b15b605a60b2
lt_windows_vista_with_service_pack_1_x86_dvd_x14-29617.iso,"Windows Vista with Service Pack 1 (x86) - DVD (Lithuanian)",e68d443c03a73b48f49bed3695218cfaf62fbc7c
lt_windows_vista_with_sp2_x64_dvd_x15-36355.iso,"Windows Vista with Service Pack 2 (x64) - DVD (Lithuanian)",4664ddee58a9cb8a1fc7dd31d9c484cc176b8569
lt_windows_vista_with_sp2_x86_dvd_x15-36304.iso,"Windows Vista with Service Pack 2 (x86) - DVD (Lithuanian)",51eea18c696004630817de7d094bc55e441852b9
lt_windows_vista_x64_dvd_x12-61202.iso,"Windows Vista (x64) - DVD (Lithuanian)",bc8f34b3550cd9b6e87c465f8a751a539f26b97f
lv_2007_microsoft_office_suite_service_pack_2_x86.exe,"2007 Microsoft Office Suite Service Pack 2 (x86) - (Latvian)",b9ce7a4083ac29c5a5d03ec70c0ef03f795f0dfc
lv_access_2010_x64_559893.exe,"Access 2010 (x64) - (Latvian)",2dbf142713bb6b9658bcde7efa29cea6577af646
lv_access_2010_x86_559931.exe,"Access 2010 (x86) - (Latvian)",9370259636ea159cc706e1188dc59932d18fe9db
lv_access_2010_x86_x64_dvd_559902.iso,"Access 2010 (x86 and x64) - DVD (Latvian)",7b3750a2ef259719ff12d2d65c4c7b16533bd619
lv_access_2013_x64_1791422.exe,"Access 2013 (x64) - (Latvian)",b2409928f9e3bed400c50100bea0dddf5c2528d4
lv_access_2013_x86_1791419.exe,"Access 2013 (x86) - (Latvian)",80ab91f07891529bcc64ef12a011c56346165116
lv_access_2013_x86_x64_dvd_1791423.iso,"Access 2013 (x86 and x64) - DVD (Latvian)",72be3ce790e4bbe9114c9b43adbe5657e54775c1
lv_business_contact_manager_for_outlook_2010_x64_511431.exe,"Business Contact Manager for Outlook 2010 (x64) - (Latvian)",c6792191daf0a59ee4b69ae165af336195ebc378
lv_business_contact_manager_for_outlook_2010_x86_511428.exe,"Business Contact Manager for Outlook 2010 (x86) - (Latvian)",37a5d3da35eb8ba1a9f700d28a4af944b8493296
lv_business_contact_manager_for_outlook_2010_x86_x64_dvd_511430.iso,"Business Contact Manager for Outlook 2010 (x86 and x64) - DVD (Latvian)",066d6af723f01f6b54e0b8999fba985b8a7b98ca
lv_dynamics_nav_2009_r2_x86_dvd_617272.iso,"Dynamics NAV 2009 R2 (x86) - DVD (Latvian)",108b8317f5e0eb1027484d4bc8d77deb4138b2d5
lv_infopath_2010_x64_559869.exe,"InfoPath 2010 (x64) - (Latvian)",fb813d248d1a86a03ba5aed51b1b8d42c66600be
lv_infopath_2010_x86_559867.exe,"InfoPath 2010 (x86) - (Latvian)",3f4dd77d759fd65aeaecc672b68b77d4f36592bc
lv_infopath_2010_x86_x64_dvd_559880.iso,"InfoPath 2010 (x86 and x64) - DVD (Latvian)",4f9c04e48c98bdc4c22e5d99581592cd160057f3
lv_infopath_2013_x64_1812082.exe,"InfoPath 2013 (x64) - (Latvian)",fda40c4d7ff4a1cded8da32013f6febb3839b3a2
lv_infopath_2013_x86_1812080.exe,"InfoPath 2013 (x86) - (Latvian)",eda6030911f3c0f5ce056bc63852ff83b51ee7e8
lv_infopath_2013_x86_x64_dvd_1812084.iso,"InfoPath 2013 (x86 and x64) - DVD (Latvian)",c00f611402abc980eba2bc503f6ef0c1b3dd476f
lv_lync_2010_x64_615697.exe,"Lync 2010 (x64) - (Latvian)",967e3fd1630cc18ed3e77f9cbc8e29bd5a3d9e5f
lv_lync_2010_x86_615692.exe,"Lync 2010 (x86) - (Latvian)",a2ff6c18e1177890d7bb7dfc116fa0234da29f7a
lv_lync_2013_with_sp1_x86_and_x64_dvd_3857358.iso,"Lync 2013 with Service Pack 1 (x86 and x64) - DVD (Latvian)",58c3abe160be19e196921016eead77977d369681
lv_lync_2013_x86_x64_dvd_1812091.iso,"Lync 2013 (x86 and x64) - DVD (Latvian)",03d4b8a76e02b803e24c3241974a77ecd8ccffd9
lv_microsoft_dynamics_crm_2011_language_pack_x64.exe,"Microsoft Dynamics CRM 2011 Language Pack (x64) -  (Latvian)",158aab3792bc87c713d4beb88bcefb9c256937e7
lv_microsoft_dynamics_crm_2011_language_pack_x86.exe,"Microsoft Dynamics CRM 2011 Language Pack (x86) -  (Latvian)",9087e707aa181ecfd6daf11206d3f9bb8569dc6a
lv_microsoft_dynamics_crm_2013_language_pack_sp1_x64_4330428.exe,"Microsoft Dynamics CRM 2013 Language Pack SP1 (x64) - (Latvian)",165c5de79f8094fdf0009c58d1be140e845055c0
lv_microsoft_dynamics_crm_2013_language_pack_sp1_x86_4330428.exe,"Microsoft Dynamics CRM 2013 Language Pack SP1 (x86) - (Latvian)",bc60d1daeb6529e7030c65d19bff48f9860220dc
lv_microsoft_dynamics_crm_2013_language_pack_x64.exe,"Microsoft Dynamics CRM 2013 Language Pack (x64) - (Latvian)",4d5c54d49cd56790c81e77a69557428fc6ab11c4
lv_microsoft_dynamics_crm_2013_language_pack_x86.exe,"Microsoft Dynamics CRM 2013 Language Pack (x86) - (Latvian)",7596c4556e93fd287fced6fb9b75ba82b5d18e14
lv_office_2003_service_pack_3_x86.exe,"Office 2003 Service Pack 3 (x86) - (Latvian)",daa04c4e0fe9d8bbaa00ef88b19963e71e09f6ba
lv_office_2013_single_language_pack_with_sp1_x64_3858154.exe,"Office 2013 Single Language Pack with Service Pack 1 (x64) - (Latvian)",2d72968dbb68eef1140de00eb2c3cd03b1b8ac9d
lv_office_2013_single_language_pack_with_sp1_x86_3858151.exe,"Office 2013 Single Language Pack with Service Pack 1 (x86) - (Latvian)",29055809e52c3918146fa021934f6c5854313cbb
lv_office_2013_single_language_pack_with_sp1_x86_and_x64_dvd_3858156.iso,"Office 2013 Single Language Pack with Service Pack 1 (x86 and x64) - DVD (Latvian)",d43ee8bb490ccfbbe87140db37d55513c5e7ef46
lv_office_2013_single_language_pack_x64_dvd_1812195.iso,"Office 2013 Single Language Pack (x64) - DVD (Latvian)",1c9d9d55f2eff51379c544710e348204d555a263
lv_office_2013_single_language_pack_x86_dvd_1812193.iso,"Office 2013 Single Language Pack (x86) - DVD (Latvian)",b13b58e629cd05b9889ad5cf1213b181590ae2c4
lv_office_2013_single_language_pack_x86_x64_dvd_1812196.iso,"Office 2013 Single Language Pack (x86 and x64) - DVD (Latvian)",ae9f405ddac50cb97c4912a6ad4af0e1b6585583
lv_office_access_2007_cd_x12-19387.iso,"Office Access 2007 (Latvian)",bda115d06fd3f35b8e1400c449eeb43e4a9fe559
lv_office_business_contact_manager_2007_cd_x12-44215.iso,"Office Business Contact Manager 2007 (Latvian)",2ef212f2dfe727ac19b6c3bc87887fde2a01d2d5
lv_office_communicator_2007_r2_x86_cd_328444.iso,"Office Communicator 2007 R2 (x86) - CD (Latvian)",45e3081b8a748cdc9cd280589f9173d902ee141c
lv_office_communicator_2007_x86_cd_x13-78490.iso,"Office Communicator 2007 (x86) - CD (Latvian)",9f89cc250a2a7a473482cb246c08ae7bce23f555
lv_office_enterprise_2007_dvd_vl_x12-19586.iso,"Office Enterprise 2007 - DVD (Latvian)",dc57906dfd01e7c5051285ac716dc3bf8ee92f2c
lv_office_enterprise_2007_united_states_x86_dvd_481342.iso,"Office Enterprise 2007 (x86) - DVD (Latvian) (United States)",c76d464c46a161d68046678d8d3cb0d961e8c13b
lv_office_groove_2007_cd_x12-19385.iso,"Office Groove 2007 (Latvian)",e616a4cb483cd73597db8ccbed1aef31d48fbe02
lv_office_infopath_2007_cd_x12-19374.iso,"Office InfoPath 2007 (Latvian)",9c241670b192922e9ce01c58847ddd948a9b48a4
lv_office_language_pack_2007_cd_x12-47248.iso,"Office 2007 Language Pack (Latvian)",ad0ed51e7a32e5c9b0274c52de83ad764062f1d0
lv_office_language_pack_2010_x64_559952.exe,"Office 2010 Language Pack (x64) - (Latvian)",b246ff15eb2c451262cd8b9224ac8f766c7547de
lv_office_language_pack_2010_x64_dvd_560470.iso,"Office 2010 Language Pack (x64) - DVD (Latvian)",f6fe4d6797b23a1bb01ddb7c22affc27423eec2d
lv_office_language_pack_2010_x86_559953.exe,"Office 2010 Language Pack (x86) - (Latvian)",f664c7f4309b35bc95c28e72a9b1335db685bbb2
lv_office_language_pack_2010_x86_dvd_560471.iso,"Office 2010 Language Pack (x86) - DVD (Latvian)",e385293bafa1e5e165204b39cd316c424c92e1dc
lv_office_language_pack_2010_x86_x64_dvd_559884.iso,"Office 2010 Language Pack (x86 and x64) - DVD (Latvian)",c7a4728c26cdd182a1b006000e2772ebd70a922c
lv_office_onenote_2007_cd_x12-19377.iso,"Office OneNote 2007 (Latvian)",5787e80c7564660556bbf66f3e6c6bbf719bf678
lv_office_outlook_2007_cd_x12-19376.iso,"Office Outlook 2007 (Latvian)",4fb7ef83ca38b77ef9dae6028b470fc8cde4d6e4
lv_office_professional_2007_cd_x12-46631.iso,"Office Professional 2007 (Latvian)",d7a02377c3ead831be004419394c4a39359fa0e5
lv_office_professional_2007_united_states_x86_cd_480552.iso,"Office Professional 2007 (x86) - CD (Latvian) (United States)",e587a06ac15df19b98ec9e07e2dc0d67f38443ab
lv_office_professional_enterprise_edition_2003_united_states_x86_cd_489178.iso,"Office Professional Enterprise Edition 2003 (x86) - CD (Latvian) (United States)",4977513a54e7b953f1b7ff4bdefdf71cbb13b0d0
lv_office_professional_plus_2007_cd_x12-38684.iso,"Office Professional Plus 2007 (Latvian)",6bd7cbc61c911fe8c92b64cc46c3b3187ea3a07b
lv_office_professional_plus_2007_united_states_x86_cd_481877.iso,"Office Professional Plus 2007 (x86) - CD (Latvian) (United States)",11e7db42d4f5ad2453cbaa0d27377615b7f9e42a
lv_office_professional_plus_2010_with_sp1_x86_x64_dvd_732682.iso,"Office Professional Plus 2010 with Service Pack 1 (x86 and x64) - DVD (Latvian) ",045e421d2629db14e3bddfc908c026abe0483e9a
lv_office_professional_plus_2010_x64_559957.exe,"Office Professional Plus 2010 (x64) - (Latvian)",d99f03ae6606d0581b421cbf940042d870f34294
lv_office_professional_plus_2010_x86_559964.exe,"Office Professional Plus 2010 (x86) - (Latvian)",5dc1d712e35f14336cdbe69b2c8a8cc1fe8553e7
lv_office_professional_plus_2010_x86_x64_dvd_559960.iso,"Office Professional Plus 2010 (x86 and x64) - DVD (Latvian)",d7f692f9df2a4a0fd7bf071ea19e8c70f96156bd
lv_office_professional_plus_2013_with_sp1_x64_dvd_3928184.iso,"Office Professional Plus 2013 with Service Pack 1 (x64) - DVD (Latvian)",bd7fdac61a1c38e3accc0959819469362d907aee
lv_office_professional_plus_2013_with_sp1_x86_and_x64_dvd_3928185.iso,"Office Professional Plus 2013 with Service Pack 1 (x86 and x64) - DVD (Latvian)",5db28714c900b01c99d629d051df57bace000ad1
lv_office_professional_plus_2013_with_sp1_x86_dvd_3928182.iso,"Office Professional Plus 2013 with Service Pack 1 (x86) - DVD (Latvian)",c49019600cf4c7da9c81e47984f24ddd1de9516d
lv_office_professional_plus_2013_x64_dvd_1812175.iso,"Office Professional Plus 2013 (x64) - DVD (Latvian)",6228cd891bdfeeacfb9370262302fa1e55ac81fb
lv_office_professional_plus_2013_x86_dvd_1812173.iso,"Office Professional Plus 2013 (x86) - DVD (Latvian)",12e78b0da13654cb589b2d20572b6842c1dc2dad
lv_office_professional_plus_2013_x86_x64_dvd_1812177.iso,"Office Professional Plus 2013 (x86 and x64) - DVD (Latvian)",22eba97c862273629d088155e3d184d4f30bcc66
lv_office_publisher_2007_cd_x12-19381.iso,"Office Publisher 2007 (Latvian)",e2985773e610bde208033ba61b65b2e40a419b47
lv_office_servers_2013_language_pack_with_service_pack_1_x64_dvd_3857561.iso,"Office Servers 2013 Language Pack with Service Pack 1 (x64) - DVD (Latvian)",15a6b60d6902c31a53e13790d1cdffc56ba3439d
lv_office_servers_2013_language_pack_x64_dvd_1676992.iso,"Office Servers 2013 Language Pack (x64) - DVD (Latvian)",401d4b36c0c8f7094b493d558cda2e17257d06b6
lv_office_servers_language_pack_2010_x64_559883.exe,"Office Servers 2010 Language Pack (x64) - (Latvian)",35832fd4ff5b37517d1bf24525a1dc9ae154280a
lv_office_servers_language_pack_2010_x64_dvd_560472.iso,"Office Servers 2010 Language Pack (x64) - DVD (Latvian)",c9caf908fc2d0b16a78ba1245051ad9fa83a0938
lv_office_standard_2007_united_states_x86_cd_481885.iso,"Office Standard 2007 (x86) - CD (Latvian) (United States)",a613681364dc3309a335b3d654793051f1c20682
lv_office_standard_2007_x86_cd_x12-19375.iso,"Office Standard 2007 (x86) - CD (Latvian)",c619aafba4dc40d057e486cdfeee24f252f91ce5
lv_office_standard_2010_with_sp1_x86_x64_dvd_733032.iso,"Office Standard 2010 with Service Pack 1 (x86 and x64) - DVD (Latvian) ",b4dbddbdf6163c740ca2727c832a1875089d1f7a
lv_office_standard_2010_x64_559909.exe,"Office Standard 2010 (x64) - (Latvian)",eb0d8c35299a914275a30b5d002eb8cddcc3a5a7
lv_office_standard_2010_x86_559932.exe,"Office Standard 2010 (x86) - (Latvian)",526aaa951124deceb3dcb409fa3ed3ec8b57f724
lv_office_standard_2010_x86_x64_dvd_559963.iso,"Office Standard 2010 (x86 and x64) - DVD (Latvian)",46399fd3ebaf2e348cb850e081a4b201b6e76a6c
lv_office_suite_2007_service_pack_1_x86_cd_x13-87890.iso,"Office Suite 2007 Service Pack 1 (x86) - CD (Latvian)",1a5065bd9c8436a90e2788f4bb33351118499380
lv_office_ultimate_2007_dvd_x12-22256.iso,"Office Ultimate 2007 - DVD (Latvian)",bf1649abe0b3658f7e3f1b8c9184226c3fa538a1
lv_office_ultimate_2007_united_states_x86_dvd_482886.iso,"Office Ultimate 2007 (x86) - DVD (Latvian) (United States)",ea72433f44fc91c79360f8bf6f602202f6cfe90d
lv_office_web_apps_2013_language_pack_x64_dvd_1677155.iso,"Office Web Apps Server 2013 Language Pack (x64) - DVD (Latvian)",0ea056e13a070218a1785fcbed1567455645b5d7
lv_office_xp_professional_cd_x09-86274.iso,"Office XP Professional - CD (Latvian)",31a9267c3b409f56de8d420bfcd27a95178a4794
lv_onenote_2010_x64_559879.exe,"OneNote 2010 (x64) - (Latvian)",1bf7bd6bcea923d7511abfb56076c1f0c084ff88
lv_onenote_2010_x86_559965.exe,"OneNote 2010 (x86) - (Latvian)",fe6a9921dc6e2af0b200d2d5a89a257a5e95398e
lv_onenote_2010_x86_x64_dvd_559966.iso,"OneNote 2010 (x86 and x64) - DVD (Latvian)",4f3f3ef01847ed4ccb51a8b80a14e6d16d3980c6
lv_onenote_2013_x64_1812100.exe,"OneNote 2013 (x64) - (Latvian)",f02d3d6d0bb0251dfbc18bb86e8a277e6ca3263f
lv_onenote_2013_x86_1812095.exe,"OneNote 2013 (x86) - (Latvian)",6aee555aa522080e25feb82f1489db8b3a5d9ae1
lv_onenote_2013_x86_x64_dvd_1812103.iso,"OneNote 2013 (x86 and x64) - DVD (Latvian)",a213777eb876b0ef92493d00269d5c287e1a38e9
lv_outlook_2010_x64_559942.exe,"Outlook 2010 (x64) - (Latvian)",e42a5f6f6c0c3fcd6ccd97e398a48ad15014b976
lv_outlook_2010_x86_559907.exe,"Outlook 2010 (x86) - (Latvian)",f43a193ecbcef3379a83adab7f4659842ab6f7c9
lv_outlook_2010_x86_x64_dvd_560014.iso,"Outlook 2010 (x86 and x64) - DVD (Latvian)",fce8e1e96d473174c402fc38b7617e15d7feb08c
lv_publisher_2010_x64_559888.exe,"Publisher 2010 (x64) - (Latvian)",52dff56faf350b8a6dde62e827d09df314f7af75
lv_publisher_2010_x86_559898.exe,"Publisher 2010 (x86) - (Latvian)",3efbb74356f0951a82a26ebdc2f8c205273ae332
lv_publisher_2010_x86_x64_dvd_559866.iso,"Publisher 2010 (x86 and x64) - DVD (Latvian)",b0421bb69cb0e3ee14752cc20cab71d20fe918f0
lv_sharepoint_server_2010_language_pack_with_service_pack_2_x64_4173491.exe,"SharePoint Server 2010 Language Pack with Service Pack 2 (x64) - (Latvian)",8ef7e9f7007102bf5f17d276822ec21bff701630
lv_sharepoint_workspace_2010_x64_559991.exe,"SharePoint Workspace 2010 (x64) - (Latvian)",1610d7124f5fbc22fbda00796ae8fe4ab3b5bbf2
lv_sharepoint_workspace_2010_x86_560052.exe,"SharePoint Workspace 2010 (x86) - (Latvian)",a68dc888d81502f8de7a6d1302fe1a63f35374c8
lv_sharepoint_workspace_2010_x86_x64_dvd_560051.iso,"SharePoint Workspace 2010 (x86 and x64) - DVD (Latvian)",534223475681ff49f402e834bdf8fea7765ca7e0
lv_ui_strings_glossary_october_2014_x86_x64_5643761.zip,"UI Strings Glossary October 2014 (x86 and x64) - (Latvian)",b1b77c19487638325583ea61ca1710fcdaf187f5
lv_windows_7_enterprise_n_with_sp1_x64_dvd_u_677752.iso,"Windows 7 Enterprise N with Service Pack 1 (x64) - DVD (Latvian)",655414bed3487cc31bfc1fe3d33a209a82eccfec
lv_windows_7_enterprise_n_with_sp1_x86_dvd_u_677750.iso,"Windows 7 Enterprise N with Service Pack 1 (x86) - DVD (Latvian)",f7d29c489ddff331ee356e8d6b1f69b289a3da69
lv_windows_7_enterprise_n_x64_dvd_x16-11895.iso,"Windows 7 Enterprise N (x64) - DVD (Latvian)",15b5f9cc1823c2189307d56db4fb151572013fff
lv_windows_7_enterprise_n_x86_dvd_x16-11887.iso,"Windows 7 Enterprise N (x86) - DVD (Latvian)",83ee2d705e39f6260806f8673d984cd2ffd127f7
lv_windows_7_enterprise_with_sp1_x64_dvd_u_677664.iso,"Windows 7 Enterprise with Service Pack 1 (x64) - DVD (Latvian)",f2b002a74fe0b90967f7f4cf2ff50f7a1fbd9e05
lv_windows_7_enterprise_with_sp1_x86_dvd_u_677677.iso,"Windows 7 Enterprise with Service Pack 1 (x86) - DVD (Latvian)",968bd4c52758d4b4e1143532689449cc33af9cfb
lv_windows_7_enterprise_x64_dvd_x15-70701.iso,"Windows 7 Enterprise (x64) - DVD (Latvian)",71814aaada2958dbc2e3eba49dcd6fe12c1caf9b
lv_windows_7_enterprise_x86_dvd_x15-70697.iso,"Windows 7 Enterprise (x86) - DVD (Latvian)",61e2530e2d1143d6ffc42c1d5f6a015cfd173f77
lv_windows_7_home_basic_with_sp1_x86_dvd_u_676476.iso,"Windows 7 Home Basic with Service Pack 1 (x86) - DVD (Latvian)",bea78e0c717ed03af7c7d6533a4a341cf4adf6bb
lv_windows_7_home_basic_x86_dvd_x15-65674.iso,"Windows 7 Home Basic (x86) - DVD (Latvian)",e723c4a1377a1be615ec4a472fc2dbdca90a79cc
lv_windows_7_home_premium_n_with_sp1_x64_dvd_u_676830.iso,"Windows 7 Home Premium N with Service Pack 1 (x64) - DVD (Latvian)",0e7a7de8ed02755043c5ea21985955dd94bd1168
lv_windows_7_home_premium_n_with_sp1_x86_dvd_u_676877.iso,"Windows 7 Home Premium N with Service Pack 1 (x86) - DVD (Latvian)",fc213ea053cae5657b7267818e234dfacad56a73
lv_windows_7_home_premium_n_x64_dvd_x16-13490.iso,"Windows 7 Home Premium N (x64) - DVD (Latvian)",7cc2de28524584dbfa2ae3f8b1abb4b0cfc4f097
lv_windows_7_home_premium_n_x86_dvd_x16-13488.iso,"Windows 7 Home Premium N (x86) - DVD (Latvian)",8fab31cfb6daf4607e042fa71e5c7d5f1be42edd
lv_windows_7_home_premium_with_sp1_x64_dvd_u_676523.iso,"Windows 7 Home Premium with Service Pack 1 (x64) - DVD (Latvian)",02d126ea9cb27e15f01329e78cfa3e18b6c66b68
lv_windows_7_home_premium_with_sp1_x86_dvd_u_676720.iso,"Windows 7 Home Premium with Service Pack 1 (x86) - DVD (Latvian)",804344462540b5ddc82f2558adbe28bee673c55c
lv_windows_7_home_premium_x64_dvd_x15-66051.iso,"Windows 7 Home Premium (x64) - DVD (Latvian)",026d6a57f43cdd7fd13e14c35aca3f74f72a5761
lv_windows_7_home_premium_x86_dvd_x15-66048.iso,"Windows 7 Home Premium (x86) - DVD (Latvian)",cf2cbe6bee93c4ff418581e533a666f8563d8ab0
lv_windows_7_professional_n_with_sp1_x64_dvd_u_677182.iso,"Windows 7 Professional N with Service Pack 1 (x64) - DVD (Latvian)",2233097490c403064085ebc612cf8e0da588922f
lv_windows_7_professional_n_with_sp1_x86_dvd_u_677285.iso,"Windows 7 Professional N with Service Pack 1 (x86) - DVD (Latvian)",4e7e7137dc2290182ccc7caa45d6a3d6cf721e17
lv_windows_7_professional_n_x64_dvd_x16-13582.iso,"Windows 7 Professional N (x64) - DVD (Latvian)",f6a88648671fa11f0e87ecd7b4b4832e91bdb445
lv_windows_7_professional_n_x86_dvd_x16-13580.iso,"Windows 7 Professional N (x86) - DVD (Latvian)",4f85a064953129a30a17800c12512277d7ebfba4
lv_windows_7_professional_vl_build_x64_dvd_x15-70989.iso,"Windows 7 Professional, VL Build (x64) - DVD (Latvian)",aa3b74ec98cb630649e6fd316e750bc6ee1efd30
lv_windows_7_professional_vl_build_x86_dvd_x15-70985.iso,"Windows 7 Professional, VL Build (x86) - DVD (Latvian)",cbb6454704060dbbd70157582f698ca24361880d
lv_windows_7_professional_with_sp1_vl_build_x64_dvd_u_677872.iso,"Windows 7 Professional with Service Pack 1, VL Build (x64) - DVD (Latvian)",37558ad0ab684497211edd82d30c3bdf5a05cd25
lv_windows_7_professional_with_sp1_vl_build_x86_dvd_u_677797.iso,"Windows 7 Professional with Service Pack 1, VL Build (x86) - DVD (Latvian)",afd4c8d9ff533cd92bc3c718a298c118bf8347f7
lv_windows_7_professional_with_sp1_x64_dvd_u_676917.iso,"Windows 7 Professional with Service Pack 1 (x64) - DVD (Latvian)",38314ad461daa179cd42710e83fba10de3969d95
lv_windows_7_professional_with_sp1_x86_dvd_u_677067.iso,"Windows 7 Professional with Service Pack 1 (x86) - DVD (Latvian)",9f24fbee0d133c4107eedd3663bbf941ec0f4c73
lv_windows_7_professional_x64_dvd_x15-66050.iso,"Windows 7 Professional (x64) - DVD (Latvian)",6f4866691a34ef2d80e9653bf42cd8524d38b4ac
lv_windows_7_professional_x86_dvd_x15-66049.iso,"Windows 7 Professional (x86) - DVD (Latvian)",ddc84a1fbf99e5c595e30cfc6fbc85fb1df367f3
lv_windows_7_starter_n_with_sp1_x86_dvd_u_678462.iso,"Windows 7 Starter N with Service Pack 1 (x86) - DVD (Latvian)",8ca3ef3e605b5d2d8346cc60f36e8ae750ba33dc
lv_windows_7_starter_n_x86_dvd_x16-15940.iso,"Windows 7 Starter N (x86) - DVD (Latvian)",e1154d01f6cbe4a6f99632b288f9627d31038ea9
lv_windows_7_starter_with_sp1_x86_dvd_u_678374.iso,"Windows 7 Starter with Service Pack 1 (x86) - DVD (Latvian)",ba21560d866ccdc9491db9c0c467a4b45c7b0431
lv_windows_7_starter_x86_dvd_x15-69373.iso,"Windows 7 Starter (x86) - DVD (Latvian)",1439d94ef01c26869a70c7c699f7dc393a5075f0
lv_windows_7_ultimate_n_with_sp1_x64_dvd_u_677553.iso,"Windows 7 Ultimate N with Service Pack 1 (x64) - DVD (Latvian)",9dc3e3cc0d6d40d77f702f8ca5da41945ac50579
lv_windows_7_ultimate_n_with_sp1_x86_dvd_u_677607.iso,"Windows 7 Ultimate N with Service Pack 1 (x86) - DVD (Latvian)",cf93344e239bafc45287b38511e0d816619c52ac
lv_windows_7_ultimate_n_x64_dvd_x16-13657.iso,"Windows 7 Ultimate N (x64) - DVD (Latvian)",ee281ca25eda15e5ef757358a53025d44e36d1f4
lv_windows_7_ultimate_n_x86_dvd_x16-13656.iso,"Windows 7 Ultimate N (x86) - DVD (Latvian)",dcfb6bbac3c1ea3d586b92891450a52cca25b849
lv_windows_7_ultimate_with_sp1_x64_dvd_u_677302.iso,"Windows 7 Ultimate with Service Pack 1 (x64) - DVD (Latvian)",436af00fcf6e026ba7ef9861b74d67643269c2e5
lv_windows_7_ultimate_with_sp1_x86_dvd_u_677449.iso,"Windows 7 Ultimate with Service Pack 1 (x86) - DVD (Latvian)",32d05111a894cf4dcaab8ad4359cd4e1f6b54799
lv_windows_7_ultimate_x64_dvd_x15-66052.iso,"Windows 7 Ultimate (x64) - DVD (Latvian)",9ab0e5c8ca7b8560b7b80589fe05851643b974f8
lv_windows_7_ultimate_x86_dvd_x15-66047.iso,"Windows 7 Ultimate (x86) - DVD (Latvian)",38ab68ecc51f49912689f8b4513f79be907cc618
lv_windows_8_1_enterprise_n_x64_dvd_2971875.iso,"Windows 8.1 Enterprise N (x64) - DVD (Latvian)",bd97a2dbebb769f6e5df2008f6f4d4e0a29f14bc
lv_windows_8_1_enterprise_n_x86_dvd_2971886.iso,"Windows 8.1 Enterprise N (x86) - DVD (Latvian)",dac76826d5186e2f13efba4497ceb79656da9b5d
lv_windows_8_1_enterprise_x64_dvd_2972002.iso,"Windows 8.1 Enterprise (x64) - DVD (Latvian)",f074d725f5dae8faf16d65e8cad290e840b4a465
lv_windows_8_1_enterprise_x86_dvd_2972321.iso,"Windows 8.1 Enterprise (x86) - DVD (Latvian)",dee5d514d5ed401d412303da3e5e9a41f4db82b7
lv_windows_8_1_n_x64_dvd_2707918.iso,"Windows 8.1 N (multiple editions) (x64) - DVD (Latvian)",ec1a43511bc4a7f3a027800740c313e79ef88f5c
lv_windows_8_1_n_x86_dvd_2707917.iso,"Windows 8.1 N (multiple editions) (x86) - DVD (Latvian)",193c91674fc5a16a3a1515abca8409fc817a76f8
lv_windows_8_1_pro_n_vl_x64_dvd_2972042.iso,"Windows 8.1 Pro N VL (x64) - DVD (Latvian)",02205cdb6a70d4fe3463200291d2fbb2d96d23fd
lv_windows_8_1_pro_n_vl_x86_dvd_2972728.iso,"Windows 8.1 Pro N VL (x86) - DVD (Latvian)",75585b33394986c9ab9547c0469211781a67106c
lv_windows_8_1_pro_vl_x64_dvd_2972008.iso,"Windows 8.1 Pro VL (x64) - DVD (Latvian)",bb5f16f5e3ca8384ae271ebb3b78d1ac34d28ad9
lv_windows_8_1_pro_vl_x86_dvd_2972654.iso,"Windows 8.1 Pro VL (x86) - DVD (Latvian)",e29ea583177503774e4757c0a9c25e205e6991b2
lv_windows_8_1_x64_dvd_2707442.iso,"Windows 8.1 (multiple editions) (x64) - DVD (Latvian)",c224d90c68188d9b4eb3a11fad9b3903a4a515a0
lv_windows_8_1_x86_dvd_2707566.iso,"Windows 8.1 (multiple editions) (x86) - DVD (Latvian)",105f69575daa62928cec8d58d6b7c8782f2f3b11
lv_windows_8_enterprise_n_x64_dvd_918061.iso,"Windows 8 Enterprise N (x64) - DVD (Latvian)",5b43e402f0d53b2a5c4cac1681e626ee004367c0
lv_windows_8_enterprise_n_x86_dvd_918722.iso,"Windows 8 Enterprise N (x86) - DVD (Latvian)",450d1d4097de06171fec38cccc56d2738a2159e1
lv_windows_8_enterprise_x64_dvd_917921.iso,"Windows 8 Enterprise (x64) - DVD (Latvian)",a12d2f23a580e94041992e2522d4e182f8001305
lv_windows_8_enterprise_x86_dvd_917677.iso,"Windows 8 Enterprise (x86) - DVD (Latvian)",90ec281af8cb8602040f2614158cdd805fa2b1e7
lv_windows_8_n_x64_dvd_915812.iso,"Windows 8 N (multiple editions) (x64) - DVD (Latvian)",1657b6b4611ddca636baf2ef66efc4efa4c57082
lv_windows_8_n_x86_dvd_916100.iso,"Windows 8 N (multiple editions) (x86) - DVD (Latvian)",a050e74f45e5e27ba311fd784a01c2cd2f81fd02
lv_windows_8_pro_n_vl_x64_dvd_918847.iso,"Windows 8 Pro N VL (x64) - DVD (Latvian)",17b0e34eda7b6de7cb86bb697ce83bd025e13e77
lv_windows_8_pro_n_vl_x86_dvd_918692.iso,"Windows 8 Pro N VL (x86) - DVD (Latvian)",1503ef5f888b2a5a90b1b7e56cf612a439736908
lv_windows_8_pro_vl_x64_dvd_917953.iso,"Windows 8 Pro VL (x64) - DVD (Latvian)",b8d09743a56aec2d7f62c670769716a4c59d6ed9
lv_windows_8_pro_vl_x86_dvd_918154.iso,"Windows 8 Pro VL (x86) - DVD (Latvian)",fd51edbe34c9da3ab83d8a75aaf79acdedb6318d
lv_windows_8_x64_dvd_915429.iso,"Windows 8 (multiple editions) (x64) - DVD (Latvian)",38d0b56a912e2f1c85e10b9e3edb7c89bba2109d
lv_windows_8_x86_dvd_915491.iso,"Windows 8 (multiple editions) (x86) - DVD (Latvian)",1541a2f8bb73396dc17ee6b807d7d8867fa43533
lv_windows_8.1_enterprise_n_with_update_x64_dvd_4048640.iso,"Windows 8.1 Enterprise N with Update (x64) - DVD (Latvian)",e11d5473d2e8c205ab298d7e7bb9b9a9497050a6
lv_windows_8.1_enterprise_n_with_update_x86_dvd_4050410.iso,"Windows 8.1 Enterprise N with Update (x86) - DVD (Latvian)",7977e6569752abf60caf099957a94cec18a02e7c
lv_windows_8.1_enterprise_with_update_x64_dvd_4048674.iso,"Windows 8.1 Enterprise with Update (x64) - DVD (Latvian)",b31041dff150184804f6465f5fc20bce4e22dfc1
lv_windows_8.1_enterprise_with_update_x86_dvd_4050480.iso,"Windows 8.1 Enterprise with Update (x86) - DVD (Latvian)",473c26b6c1a18fc81d62d9130fb1c44fd0f05e23
lv_windows_8.1_n_with_update_x64_dvd_4048347.iso,"Windows 8.1 N with Update (multiple editions) (x64) - DVD (Latvian)",236c45e3a85ac9a4b48e274c3b9ebd8a490f8a69
lv_windows_8.1_n_with_update_x86_dvd_4048204.iso,"Windows 8.1 N with Update (multiple editions) (x86) - DVD (Latvian)",cb5bd16659320d4451d9038def5fff8053b9127a
lv_windows_8.1_professional_n_vl_with_update_x64_dvd_4050415.iso,"Windows 8.1 Professional N VL with Update (x64) - DVD (Latvian)",1f4b337c557f1f62c516e5521601c4de29249ce7
lv_windows_8.1_professional_n_vl_with_update_x86_dvd_4051001.iso,"Windows 8.1 Professional N VL with Update (x86) - DVD (Latvian)",7db5154edddf21e9a31d68131edc9268cabfe675
lv_windows_8.1_professional_vl_with_update_x64_dvd_4050489.iso,"Windows 8.1 Professional VL with Update (x64) - DVD (Latvian)",3fe5313ca13f432a777026d3c9d89267fa94333c
lv_windows_8.1_professional_vl_with_update_x86_dvd_4048722.iso,"Windows 8.1 Professional VL with Update (x86) - DVD (Latvian)",212976331e2fb501422a936c16f93fb54d2f1c68
lv_windows_8.1_with_update_x64_dvd_4048302.iso,"Windows 8.1 with Update (multiple editions) (x64) - DVD (Latvian)",de96966ec9d523679fd3219353330c2ee40e6ceb
lv_windows_8.1_with_update_x86_dvd_4048233.iso,"Windows 8.1 with Update (multiple editions) (x86) - DVD (Latvian)",20533c57c94ffb1eea1fe424bc1617be21449eac
lv_windows_embedded_8_1_industry_enterprise_x64_dvd_2710612.iso,"Windows Embedded 8.1 Industry Enterprise (x64) - DVD (Latvian)",788f3711edb8e0b6764d176a526cde2d72cba58c
lv_windows_embedded_8_1_industry_enterprise_x86_dvd_2710890.iso,"Windows Embedded 8.1 Industry Enterprise (x86) - DVD (Latvian)",c795a1403226416e71b2c706c54256c34a7f351f
lv_windows_embedded_8_1_industry_pro_x64_dvd_2707304.iso,"Windows Embedded 8.1 Industry Pro (x64) - DVD (Latvian)",295cdd1a6e3641bb9439dce19e48f4c3ccd20b31
lv_windows_embedded_8_1_industry_pro_x86_dvd_2707561.iso,"Windows Embedded 8.1 Industry Pro (x86) - DVD (Latvian)",e389c776397c65be36de47b7cdb5bb5b816a39f3
lv_windows_embedded_8.1_industry_enterprise_with_update_x64_dvd_4050414.iso,"Windows Embedded 8.1 Industry Enterprise with Update (x64) - DVD (Latvian)",e45996085858230be05c6820735971d5877629e9
lv_windows_embedded_8.1_industry_enterprise_with_update_x86_dvd_4048669.iso,"Windows Embedded 8.1 Industry Enterprise with Update (x86) - DVD (Latvian)",aa59ad565e4e6a9f0f38d31779c25e28f5dee138
lv_windows_embedded_8.1_industry_pro_with_update_x64_dvd_4050358.iso,"Windows Embedded 8.1 Industry Pro with Update (x64) - DVD (Latvian)",1943421392ec27a60a36719824c4552f234637ed
lv_windows_embedded_8.1_industry_pro_with_update_x86_dvd_4048658.iso,"Windows Embedded 8.1 Industry Pro with Update (x86) - DVD (Latvian)",1939150f4ed034393384b0964d40cb47b1bd8532
lv_windows_vista_business_n_and_home_basic_n_with_sp2_x64_dvd_x15-36352.iso,"Windows Vista Business N and Home Basic N with Service Pack 2 (x64) - DVD (Latvian)",48eed92edb7cd081c8e56324375d1dc6353f59d5
lv_windows_vista_business_n_with_service_pack_1_x64_dvd_x14-40463.iso,"Windows Vista Business N with Service Pack 1 VL (x64) - DVD (Latvian)",a8a17f796fdbe58cd7bd38e5b4fb30911c668355
lv_windows_vista_business_n_with_service_pack_1_x86_dvd_x14-40535.iso,"Windows Vista Business N with Service Pack 1 VL (x86) - DVD (Latvian)",efe00a649c393d37bb6f22e83d7cc14c2e7bdbd6
lv_windows_vista_business_n_x64_dvd_vl_x13-21578.iso,"Windows Vista Business N VL (x64) - DVD (Latvian)",3249ffb9e9ff69e8f98e95fcd86cc407aed3302e
lv_windows_vista_business_n_x86_dvd_vl_x13-21562.iso,"Windows Vista Business N VL (x86) - DVD (Latvian)",cf9cf101129e8fa38a04b1decd5736e5bf1a6ae2
lv_windows_vista_business_with_service_pack_1_x64_dvd_x14-56179.iso,"Windows Vista Business with Service Pack 1 VL (x64) - DVD (Latvian)",b28e5f007847f1b6e299fb049587fedb6fffe567
lv_windows_vista_business_with_service_pack_1_x86_dvd_x14-56144.iso,"Windows Vista Business with Service Pack 1 VL (x86) - DVD (Latvian)",fe9bc38ceb45b274b0eadeb109b268175b56dcff
lv_windows_vista_business_x64_dvd_vl_x13-22918.iso,"Windows Vista Business VL (x64) - DVD (Latvian)",6c4e3100438cfd659d7ee1e3eba88a16dbf42c15
lv_windows_vista_business_x86_dvd_vl_x13-22949.iso,"Windows Vista Business VL (x86) - DVD (Latvian)",fc3aa4293815066e57088042d7f7390b6913b5a5
lv_windows_vista_cd1_x12-71795.iso,"Windows Vista (x86) - CD 1 (Latvian)",fce5c9f42955dcacd97907e4d42a99db2e6f3dcd
lv_windows_vista_cd2_x12-71823.iso,"Windows Vista (x86) - CD 2 (Latvian)",3f644d46e11beb0887ec8de99500db464ad311c1
lv_windows_vista_cd3_x12-71851.iso,"Windows Vista (x86) - CD 3 (Latvian)",68fb55478d0a39f2f1b6b4211a9d1ad12e0598c2
lv_windows_vista_cd4_x12-71882.iso,"Windows Vista (x86) - CD 4 (Latvian)",3737222e7a95d7a1117c65d49b60798cbe525bc1
lv_windows_vista_dvd_x12-59023.iso,"Windows Vista (x86) - DVD (Latvian)",4f9ecd33a4473c8e27b6388dbe1a8048f9e9599a
lv_windows_vista_enterprise_cd1_vl_x13-16912.iso,"Windows Vista Enterprise (x86) - CD 1 (Latvian)",2eae2c57e59ed3715c315b4b301c1c9b401855e1
lv_windows_vista_enterprise_cd2_vl_x13-16915.iso,"Windows Vista Enterprise (x86) - CD 2 (Latvian)",e279dbc3d7074b84ec469963a7819c16310e4ed0
lv_windows_vista_enterprise_cd3_vl_x13-16918.iso,"Windows Vista Enterprise (x86) - CD 3 (Latvian)",1df2d6fa37c2b495593ebe35fff9ab46566a3e5f
lv_windows_vista_enterprise_dvd_vl_x13-17020.iso,"Windows Vista Enterprise (x86) - DVD (Latvian)",f0e5343b679878042a3f58255d68b1deefe65a1e
lv_windows_vista_enterprise_with_service_pack_1_x64_dvd_x14-55890.iso,"Windows Vista Enterprise with Service Pack 1 (x64) - DVD (Latvian)",86f8f451e40535f408f25cb5309b0dec20d05313
lv_windows_vista_enterprise_with_service_pack_1_x86_dvd_x14-55769.iso,"Windows Vista Enterprise with Service Pack 1 (x86) - DVD (Latvian)",778f8df0fb9174f9d52097a515b343a6d0bafa50
lv_windows_vista_enterprise_with_sp2_x64_dvd_x15-40392.iso,"Windows Vista Enterprise with Service Pack 2 (x64) - DVD (Latvian)",6c82f6d5c1ef5e7f1b0fb26c1f6b7f43c64037a0
lv_windows_vista_enterprise_with_sp2_x86_dvd_x15-40247.iso,"Windows Vista Enterprise with Service Pack 2 (x86) - DVD (Latvian)",340ab1ac42181485d2735366796996cf49edae34
lv_windows_vista_enterprise_x64_dvd_vl_x13-17327.iso,"Windows Vista Enterprise (x64) - DVD (Latvian)",88e43745b8da56005823bb59dba0e279d02c16db
lv_windows_vista_n_with_service_pack_1_x64_dvd_x14-55349.iso,"Windows Vista N with Service Pack 1 (x64) - DVD (Latvian)",2992742407e75cd989e67d5eb2be66e70e4633a2
lv_windows_vista_with_service_pack_1_x64_dvd_x14-29746.iso,"Windows Vista with Service Pack 1 (x64) - DVD (Latvian)",184ab2bc3e19581a989433c3a6f5b022149b6eb3
lv_windows_vista_with_service_pack_1_x86_dvd_x14-29616.iso,"Windows Vista with Service Pack 1 (x86) - DVD (Latvian)",5feee6fde8cff13f6337788b76527607f9782a34
lv_windows_vista_with_sp2_x64_dvd_x15-36353.iso,"Windows Vista with Service Pack 2 (x64) - DVD (Latvian)",2602317b7e6a0da5b7b3b333f35d646ef703d9e3
lv_windows_vista_with_sp2_x86_dvd_x15-36303.iso,"Windows Vista with Service Pack 2 (x86) - DVD (Latvian)",bccf6135beb6932844f8366bcbfec49f59de042e
lv_windows_vista_x64_dvd_x12-61201.iso,"Windows Vista (x64) - DVD (Latvian)",406f53bdf451488cc0ac9579e046f9df09ce3537
