mcdiagnostickit.msi,"Windows XP Media Center Diagnostics Kit v3.0 (English)",51eb1301dd379660fe40d2ddb6e3d85e03e91bbd
mdk.exe,"Microsoft Modem Developer Kit (English)",d56619dc35e1b782b3220a0c0cab5baa54b52d41
meta_data_services_sdk_3.0.exe,"Meta Data Services SDK 3.0 (English)",113cc070222a8c9993ddf06c7a931464f0a6f55d
mi_ui_strings_glossary_october_2014_x86_x64_5643761.zip,"UI Strings Glossary October 2014 (x86 and x64) - (Maori)",b57d0e33cdd4ce8d31e75ddf867a011294f1e0a5
migrate.exe,"Microsoft Source Code Migration Tool (English)",f182f7e89f08a7c9fdf8efc9497e3d05d3149601
mk_sharepoint_server_2010_language_pack_with_service_pack_2_x64_4173505.exe,"SharePoint Server 2010 Language Pack with Service Pack 2 (x64) - (Macedonian)",2f9b0333f5a48c9f7cd6a08e6d7437717a87c752
mk_ui_strings_glossary_october_2014_x86_x64_5643761.zip,"UI Strings Glossary October 2014 (x86 and x64) - (Macedonian)",ea60d8664be18892cd7f3aa6a841cbf9e4ec2710
ml_ui_strings_glossary_october_2014_x86_x64_5643761.zip,"UI Strings Glossary October 2014 (x86 and x64) - (Malayalam)",990fa253341c0315a426ebbae04a1804985a9586
ml-in_captions_language_interface_pack_for_microsoft_visual_studio_2010_x86.msi,"Captions Language Interface Pack for Microsoft Visual Studio 2010 (x86) - (Malayalam-India)",490074502f43f443b8fef8925d03fc37c821041c
mn_ui_strings_glossary_october_2014_x86_x64_5643761.zip,"UI Strings Glossary October 2014 (x86 and x64) - (Mongolian)",b23b1117f88c9a57ba2fe03b153dc44879094dfe
mobileit.exe,"Microsoft Mobile Internet ToolKit (English)",555dc5f342d738feb362d86232430ecf9f83dd61
mr_office_language_pack_2010_x64_708549.exe,"Office 2010 Language Pack (x64) - (Marathi)",bc095ffd917c16ad5dc1136874d88e1acf9c21f2
mr_office_language_pack_2010_x86_708548.exe,"Office 2010 Language Pack (x86) - (Marathi)",25b4e94f1995cf3a36091a1f556b7492b2d39f77
mr_office_screen_tip_language_pack_2010_x64_708551.exe,"Office 2010 Screen Tip Language Pack (x64) - (Marathi)",2e689fd19e01d10987b925b0f6ecf626f2ecf69c
mr_ui_strings_glossary_october_2014_x86_x64_5643761.zip,"UI Strings Glossary October 2014 (x86 and x64) - (Marathi)",b1cf5db814f6b627002e392b87132c8a28e9957e
ms_access_2013_x64_1772647.exe,"Access 2013 (x64) - (Malay)",7a2b6e3a5eec61f3d1233c38e9a75fb98c0fbf6b
ms_access_2013_x86_1772634.exe,"Access 2013 (x86) - (Malay)",bfd378f0da6ef5ed7f9ccd0d24f072aa19be6d9e
ms_access_2013_x86_x64_dvd_1772661.iso,"Access 2013 (x86 and x64) - DVD (Malay)",8513deaf8f8c3605682c5f2f60775d4875946276
ms_captions_language_interface_pack_for_microsoft_visual_studio_2010_x86.msi,"Captions Language Interface Pack for Microsoft Visual Studio 2010 (x86) - (Malay)",aaab20851a62e4497780ccaa2cfee2fd587dc1c0
ms_infopath_2013_x64_1787013.exe,"InfoPath 2013 (x64) - (Malay)",0948c02cd6c6dd7c8e0f72189bccaba13c36cd2a
ms_infopath_2013_x86_1787011.exe,"InfoPath 2013 (x86) - (Malay)",807dea189b4a6afb754a7addff9992e65db01d25
ms_infopath_2013_x86_x64_dvd_1787015.iso,"InfoPath 2013 (x86 and x64) - DVD (Malay)",cc133454147413b822814dcd13767777b51e500c
ms_lync_2013_with_sp1_x86_and_x64_dvd_3857366.iso,"Lync 2013 with Service Pack 1 (x86 and x64) - DVD (Malay)",c22d0df751ff74c4c79266aeb3a0a1c1485afdba
ms_lync_2013_x86_x64_dvd_1790513.iso,"Lync 2013 (x86 and x64) - DVD (Malay)",b9306964608e81f1197b856cb7613e18e8bc11fc
ms_office_2003_service_pack_3_x86.exe,"Office 2003 Service Pack 3 (x86) - (Malay)",10b656f2eb59869dd39186dc953a403dc82bd2a0
ms_office_2013_single_language_pack_with_sp1_x64_3858144.exe,"Office 2013 Single Language Pack with Service Pack 1 (x64) - (Malay)",ed3d17f87ec07cfe59bb7750c6a1f4f1f20ebcbf
ms_office_2013_single_language_pack_with_sp1_x86_3858141.exe,"Office 2013 Single Language Pack with Service Pack 1 (x86) - (Malay)",fb7d060ea74ebe6262068b8d040f69a095c03c50
ms_office_2013_single_language_pack_with_sp1_x86_and_x64_dvd_3858148.iso,"Office 2013 Single Language Pack with Service Pack 1 (x86 and x64) - DVD (Malay)",43b3fb7f11dc03b1a217c99f0eeed36aaaa84462
ms_office_2013_single_language_pack_x64_dvd_1791371.iso,"Office 2013 Single Language Pack (x64) - DVD (Malay)",fddb4eceb14585b6c279641e92ad16ca21301df4
ms_office_2013_single_language_pack_x86_dvd_1791395.iso,"Office 2013 Single Language Pack (x86) - DVD (Malay)",22b48c4e4007ad059a3e28e8e8bf608f96060c6e
ms_office_2013_single_language_pack_x86_x64_dvd_1791379.iso,"Office 2013 Single Language Pack (x86 and x64) - DVD (Malay)",a03e37662bff4a879cefec5d946af9560a5f1cc5
ms_office_professional_plus_2013_with_sp1_x64_dvd_3928467.iso,"Office Professional Plus 2013 with Service Pack 1 (x64) - DVD (Malay)",8f77fb8955d77d69e2c1016ecc9d8f69de6c3b63
ms_office_professional_plus_2013_with_sp1_x86_and_x64_dvd_3928758.iso,"Office Professional Plus 2013 with Service Pack 1 (x86 and x64) - DVD (Malay)",9b7c310ae046492d5b3a42eb86d2396cdf9fa250
ms_office_professional_plus_2013_with_sp1_x86_dvd_3928466.iso,"Office Professional Plus 2013 with Service Pack 1 (x86) - DVD (Malay)",73c0dc526ebc23e597406cd99182e2ebc879ca83
ms_office_professional_plus_2013_x64_dvd_1770876.iso,"Office Professional Plus 2013 (x64) - DVD (Malay)",2b062bec9da46429819b349b410033d8c53d2307
ms_office_professional_plus_2013_x86_dvd_1770862.iso,"Office Professional Plus 2013 (x86) - DVD (Malay)",c11d243adbc1ddd5f128b1b23e920c4d0f3cf927
ms_office_professional_plus_2013_x86_x64_dvd_1770890.iso,"Office Professional Plus 2013 (x86 and x64) - DVD (Malay)",8c9e23d696c53cbf3c49596a3a89143dd821583a
ms_office_servers_2013_language_pack_with_service_pack_1_x64_dvd_3857557.iso,"Office Servers 2013 Language Pack with Service Pack 1 (x64) - DVD (Malay)",65a9d41c32627ac82e64c3966b6d81e45a8c8c1c
ms_office_servers_2013_language_pack_x64_dvd_1787064.iso,"Office Servers 2013 Language Pack (x64) - DVD (Malay)",6a459ee973285dd7209e1bbc3e3c1914a6587942
ms_onenote_2013_x64_1791266.exe,"OneNote 2013 (x64) - (Malay)",32497f1e3b5a42e5065c7f2848d4bad770f2d771
ms_onenote_2013_x86_1790559.exe,"OneNote 2013 (x86) - (Malay)",ac81eeb0151a2cf320b78a9cbf44b7960e8623bd
ms_onenote_2013_x86_x64_dvd_1790572.iso,"OneNote 2013 (x86 and x64) - DVD (Malay)",dea2f09b3ae31d995a126be4a4bef97a0b13eacd
ms_sharepoint_server_2010_language_pack_with_service_pack_2_x64_4173504.exe,"SharePoint Server 2010 Language Pack with Service Pack 2 (x64) - (Malay)",0b98cd7b30e38195aad383f4f26c749129620bba
ms_windows_8_1_language_interface_pack_x64_2710522.mlc,"Windows 8.1 Language Interface Pack (x64) - (Malay)",dcc8aa40c757e71b9b87ea93ad8250d3eeed8d22
ms_windows_8_1_language_interface_pack_x86_2710515.mlc,"Windows 8.1 Language Interface Pack (x86) - (Malay)",8bdde0f9c0b52ab8a199f74811b3fcbcabeafcc0
ms-bn_ui_strings_glossary_october_2014_x86_x64_5643761.zip,"UI Strings Glossary October 2014 (x86 and x64) - (Malay-Brunei Darussalam)",98b95fa5a0aa3022c1801ad830edde9ecba54425
ms-my_ui_strings_glossary_october_2014_x86_x64_5643761.zip,"UI Strings Glossary October 2014 (x86 and x64) - (Malay-Malaysia)",972ed0933c3589b23f81bfa6f8943b189d878b4d
msbankingsdk.exe,"Microsoft Bank Framework SDK (English)",2ab48c8cd3609b3192f6ce4aeff955688a4d62b3
mshealthsdk.exe,"Microsoft Healthcare Framework SDK (English)",159b70db1a89a5af1e70966bc373a6c133dd786f
mssecsdk.exe,"Security SDK 1.0 (English)",a712a85eff8f3ef183debbc2d142b28b18d46a99
mstagsdk.msi,"Office 2003 Smart Tag SDK (English)",0c00010c9298bed09a55c5de704b1977048bb369
mt_ui_strings_glossary_october_2014_x86_x64_5643761.zip,"UI Strings Glossary October 2014 (x86 and x64) - (Maltese)",bf2e8ae44fcf4427c85b727fd115a310d4ac9fda
mu_.net_framework_4_kb2468871_x86_x64_ia64_651713.exe," .NET Framework 4 KB2468871 (x86, x64, and ia64) - (Multiple Languages)",4125df3b3b141b9626f2ea9c18380a62551cbd36
mu_.net_framework_4.5_r2_x86_x64_1076098.exe,".NET Framework 4.5 (x86 and x64) - (Multiple Languages)",b2ff712ca0947040ca0b8e9bd7436a3c3524bb5d
mu_.net_framework_4.5_r2_x86_x64_web_installer_1076096.exe,".NET Framework 4.5 (x86 and x64) - Web Installer (Multiple Languages)",f6ba6f03c65c3996a258f58324a917463b2d6ff4
mu_.net_fx_4_5_1_dp_win_vistasp2_win_7sp1_win_8_win_8_1_win_server_2008sp2_win_server_2008_r2sp1_win_server_2012_win_server_2012r2_x86_x64_3009815.exe,".NET Framework 4.5.1 Developer Pack - Windows Vista SP2, Windows 7 SP1, Windows 8, Windows Server 2008 SP2, Windows Server 2008 R2 SP1, Windows Server 2012 (x86 and x64) - (Multiple Languages)",52b7b1f3add734e4bf23685267876954719a1398
mu_.net_fx_4_5_1_windows_vistasp2_windows_7sp1_windows_8_windows_server_2008sp2_windows_server_2008r2sp1_windows_server_2012_x86_x64_3009816.exe,".NET Framework 4.5.1 - Windows Vista SP2, Windows 7 SP1, Windows 8, Windows Server 2008 SP2, Windows Server 2008 R2 SP1, Windows Server 2012 (x86 and x64) - (Multiple Languages)",5934dd101414bbc0b7f1ee2780d2fc8b9bec5c4d
mu_.net_fx_4_5_1_windows_vistasp2_windows_7sp1_windows_8_windows_server_2008sp2_windows_server_2008r2sp1_windows_server_2012_x86_x64_wi_3009813.exe,".NET Framework 4.5.1 - Windows Vista SP2, Windows 7 SP1, Windows 8, Windows Server 2008 SP2, Windows Server 2008 R2 SP1, Windows Server 2012 (x86 and x64) - Web Installer (Multiple Languages)",4cbea1e408db5b423e130931b9478972e6798431
mu_application_virtualization_4.6_for_remote_desktop_services_sp1_x86_cd_644051.iso,"Application Virtualization for Remote Desktop Services 4.6 Service Pack 1 (x86) - CD (Multiple Languages)",719fb7a24be2d0c396e56d4e7f7fd199f8cecb6e
mu_application_virtualization_for_desktop_services_5_0_sp1_x86_dvd_1003941.iso,"Application Virtualization for Remote Desktop Services 5.0 Service Pack 1 (x86) - DVD (Multiple Languages)",22a47dd255f34208a5ee6d36e80cb9fe2aa295f8
mu_application_virtualization_for_remote_desktop_services_4.6_service_pack_3_x86_cd_3229837.iso,"Application Virtualization for Remote Desktop Services 4.6 Service Pack 3 (x86) - CD (Multiple Languages)",42b89360e48a6ab8f47d0dbfcd72a469daefc2b9
mu_application_virtualization_for_remote_desktop_services_4.6_sp2_x86_x64_cd_1603812.iso,"Application Virtualization for Remote Desktop Services 4.6 Service Pack 2 (x86 and x64) - CD (Multiple Languages)",751d6dcf836b0e7abc8098c5ea31d8f102553b05
mu_application_virtualization_for_remote_desktop_services_5_0_x86_cd_1101194.iso,"Application Virtualization for Remote Desktop Services 5.0 (x86) - CD (Multiple Languages)",c0e3f6da163148783a9a7e6383fdcf03bd0ddda0
mu_application_virtualization_for_remote_desktop_services_5.0_service_pack_2_x86_cd_3209756.iso,"Application Virtualization for Remote Desktop Services 5.0 Service Pack 2 (x86) - CD (Multiple Languages)",ccc6254a11a18599296ef1df5df8d4e23e0873fc
mu_application_virtualization_for_remote_desktop_services_v4.5_sp2_x86_cd_528312.iso,"Application Virtualization for Remote Desktop Services, Version 4.5 Service Pack 2 (x86) - CD (Multiple Languages)",b82d922c6ef17f65d617b738eea8b7f942fd1b06
mu_application_virtualization_for_remote_desktop_services_v4.6_refresh_x86_cd_509345.iso,"Application Virtualization for Remote Desktop Services, Version 4.6 Refresh (x86) - CD (Multiple Languages)",c9a9532d682015900363a0daa163711f8da5c656
mu_application_virtualization_for_remote_desktop_services_v4.6_x86_cd_486715.iso,"Application Virtualization for Remote Desktop Services, Version 4.6 (x86) - CD (Multiple Languages)",62fb3687f7ab7dc436d5eea575bbc2df60186042
mu_application_virtualization_hosting_for_desktops_4.6_service_pack_3_x86_cd_3229827.iso,"Application Virtualization Hosting for Desktops 4.6 Service Pack 3 (x86) - CD (Multiple Languages)",f905e8124d5f56fb50aa50e7a06f78609a530dab
mu_application_virtualization_hosting_for_desktops_4.6_sp2_x86_x64_cd_1603752.iso,"Application Virtualization Hosting for Desktops 4.6 Service Pack 2 (x86 and x64) - CD (Multiple Languages)",4a7161a65f23285befe808643d39c30a8e6e6ffa
mu_application_virtualization_hosting_for_desktops_5_0_sp1_x86_x64_dvd_1992084.iso,"Application Virtualization Hosting for Desktops 5.0 Service Pack 1 (x86 and x64) - DVD (Multiple Languages)",c3797e79aba89315ccb58185168a53d801ad0446
mu_application_virtualization_hosting_for_desktops_5.0_service_pack_2_x86_cd_3210319.iso,"Application Virtualization Hosting for Desktops 5.0 Service Pack 2 (x86) - CD (Multiple Languages)",ef1d357e0e665bad09fca208811bf07fed1b49e2
mu_application_virtualization_hosting_for_desktops_5.0_x86_x64_cd_1566155.iso,"Application Virtualization Hosting for Desktops 5.0 (x86 and x64) - CD (Multiple Languages)",28060a9b7f0f767b52914aae4c12edf1bf22311f
mu_application_virtualization_hosting_for_desktops_v4.5_sp2_x86_cd_528296.iso,"Application Virtualization Hosting for Desktops, Version 4.5 Service Pack 2 (x86) - CD (Multiple Languages)",c30848bada233df79c4d2e5346c49c4469a821eb
mu_application_virtualization_hosting_for_desktops_v4.6_refresh_x86_cd_499114.iso,"Application Virtualization Hosting for Desktops, Version 4.6 Refresh (x86) - CD (Multiple Languages)",5aa3b830e783a2ba7da03785c1b0d3bb21054647
mu_application_virtualization_hosting_for_desktops_v4.6_x86_cd_486714.iso,"Application Virtualization Hosting for Desktops, Version 4.6 (x86) - CD (Multiple Languages)",70dc68930b4d6319be97c9ee605f2d94c5091721
mu_application_virtualization_hosting_for_desktops_version_4.6_sp1_x86_cd_644039.iso,"Application Virtualization Hosting for Desktops, Version 4.6 Service Pack 1 (x86) - CD (Multiple Languages)",967708ba8bc1c4bbdca46c408a994ff005666079
mu_bhold_suite_with_sp1_x86_x64_dvd_1375970.iso,"BHOLD Suite with SP1 (x86 and x64) - DVD (English, Dutch, German)",f332d74fa4470de53d811705dc031ae8022f80b5
mu_bhold_suite_x64_dvd_848633.iso,"BHOLD Suite (x64) - DVD (English, Dutch, German)",3ca8a26bcd6de61779c1d0371e994399c254cefa
mu_duet_enterprise_1.0_for_microsoft_and_sap_sp1_sap_iw_tng_components_x64_dvd_x17-47711.iso,"Duet Enterprise 1.0 for Microsoft and SAP Service Pack 1, SAP IW_TNG components (x64) - DVD (Multiple Languages)",4fc9b5e4518f23cd26797facfbc5ec6c84d58127
mu_duet_enterprise_1.0_for_microsoft_and_sap_sp2_sap_iw_tng_components_x64_dvd_x17-47715.iso,"Duet Enterprise 1.0 for Microsoft and SAP Service Pack 2, SAP IW_TNG components (x64) - DVD (Multiple Languages)",87bbf49ed7762a9e6613bcb1ed9b17c157bb6ff3
mu_duet_enterprise_for_microsoft_sharepoint_and_sap_x64_dvd_621737.iso,"Duet Enterprise for Microsoft SharePoint and SAP (x64) - DVD (Multiple Languages)",676284482b4b3ecda3d16b0758fe76a89e9fda9c
mu_dynamics_ax_2012_feature_pack_x86_x64_dvd_794954.iso,"Dynamics AX 2012 Feature Pack (x86 and x64) - DVD (Multiple Languages)",609ab489ff03dd12109523c94656f523fef4fb98
mu_dynamics_ax_2012_r2_x86_x64_dvd_1240202.iso,"Microsoft Dynamics AX 2012 R2 (x86 and x64) - DVD (Multiple Languages)",4c8b04d773e25e8d5bd465c5811e79df6a7a556e
mu_dynamics_ax_2012_r3_x86_and_x64_dvd_4114842.iso,"Dynamics AX 2012 R3 (x86 and x64) - DVD (Multiple Languages)",7d169108fbbe198edf34a631d556cf0049c218e4
mu_dynamics_ax_2012_x86_x64_dvd_710893.iso,"Dynamics AX 2012 (x86 and x64) - DVD (Multiple Languages)",3491b563c9626e64813699fc9fea8336657244a3
mu_exchange_server_2010_service_pack_2_x64.exe,"Exchange Server 2010 Service Pack 2 (x64) - (Multiple Languages)",bb8acbbea695a9579b0b4bca1629cd8a45dbec23
mu_exchange_server_2010_sp1_x64.exe,"Exchange Server 2010 Service Pack 1 (x64) - (Arabic, Chinese-Simplified, Chinese-Traditional, English, French, German, Hebrew, Italian, Japanese, Korean, Portuguese-Brazil, Russian, and Spanish)",3e1ccc1d4cd7e4da02f72d00c214f17ac3bbb88e
mu_exchange_server_2010_x64_dvd_x15-82068.iso,"Exchange Server 2010 (x64) - DVD (Chinese-Simplified, Chinese-Traditional, English, French, German, Italian, Japanese, Korean, Portuguese-Brazil, Russian, and Spanish)",bbd6224fd72283142f9a8ec13615e11391c02bab
mu_exchange_server_2013_with_sp1_x64_dvd_4059293.iso,"Exchange Server 2013 with Service Pack 1 (x64) - (Multiple Languages)",19f7ab7b8ad39490323c82a06d3d5dc2a5c898cf
mu_exchange_server_2013_x64_dvd_1112105.iso,"Exchange Server 2013 (x64) - DVD (Multiple Languages)",e9dde6f776876b281215beedd7e2db3ad525281f
mu_forefront_endpoint_protection_2010_x86_x64_dvd_612261.iso,"Forefront Endpoint Protection 2010 (x86 and x64) - DVD (English, German, Japanese, French, Chinese-Simplified, Russian)",0a43c9920220508c46baaf520c174e6fa25108fa
mu_forefront_identity_manager_2010_language_pack_x86_x64_499372.exe,"Forefront Identity Manager 2010 Language Packs (x86 and x64) - (Multiple Languages)",0e2ce00a49c69a4b2c0a48b8d1992df9705fbbfb
mu_forefront_identity_manager_2010_r2_language_packs_x86_x64_884269.exe,"Forefront Identity Manager 2010 R2 Language Packs (x86 and x64) - (Multiple Languages)",f97700b78358c7b2e9491f1cf36651e43c2fdda6
mu_forefront_identity_manager_2010_r2_with_sp1_x86_x64_dvd_1738648.iso,"Forefront Identity Manager 2010 R2 with SP1  (x86 and x64) - DVD (Multiple Languages)",945fab5110d3eb99ca6fa5aba57b9df307b1fc9f
mu_forefront_protection_2010_for_exchange_server_x64_cd_x16-11061.iso,"Forefront Protection 2010 for Exchange Server (x64) - CD (Chinese-Traditional, Chinese-Simplified, English, French, German, Italian, Japanese, Korean, Portuguese-Brazil, Russian, and Spanish)",418daf9d41a628ac3cf38c73cec0877f1088fdd3
mu_forefront_protection_2010_for_sharepoint_x64_cd_518037.iso,"Forefront Protection 2010 for SharePoint (x64) - CD (Chinese-Traditional, Chinese-Simplified, English, French, German, Italian, Japanese, Korean, Portuguese-Brazil, Russian, and Spanish)",1e0604820b8b8b6010af13be3d0b886d2ea59fd6
mu_fp_1_for_duet_enterprise_1_0_netweaver_components_x86_x64_dvd_750377.iso,"Feature Pack 1 for Duet Enterprise 1.0, Netweaver components (x86 and x64) - DVD (Multiple Languages)",b4edf24b988005e2b90fcb2bf98a7487e8f047be
mu_fp_1_for_duet_enterprise_1_0_sharepoint_components_x64_dvd_755820.iso,"Feature Pack 1 for Duet Enterprise 1.0, SharePoint components (x64) - DVD (Multiple Languages)",88449167db0793b989fb208d96a7492a7817082d
mu_hpc_2008_r2_with_service_pack_3_x64_dvd_761608.iso,"HPC Pack 2008 R2 with Service Pack 3  (x64) - DVD (Chinese-Simplified, English, and Japanese)",517a16b96bbc6112c020bc9751595cb573cc265c
mu_hyper-v_server_2008_x64_dvd_x14-87935.iso,"Hyper-V Server 2008 (x64) - DVD (Chinese-Hong Kong SAR, Chinese-Simplified, English, French, German, Italian, Japanese, Korean, Portuguese-Brazil, Russian, Spanish)",777fe21b66a636b5d9fb66ae7c0c42ffb638996a
mu_intellitrace_collector_for_visual_studio_2012_v2012_1_x86_1204853.exe,"IntelliTrace Collector for Visual Studio 2012 (v. 2012.1) (x86) - (Multiple Languages)",9690307c0601c242d5d9d0e4fdef8b68bfc8e628
mu_intellitrace_collector_for_visual_studio_2012_v2012_2_x86_1879216.exe,"IntelliTrace Collector for Visual Studio 2012  (v. 2012.2) (x86) - (Multiple Languages)",c844813919b34d0b83946c36c61e2d30e00cd692
mu_intellitrace_collector_for_visual_studio_2012_v2012_4_x86_3161366.exe,"IntelliTrace Collector for Visual Studio 2012 (v. 2012.4) (x86) - (Multiple Languages)",c91fe30f854f4b929585c0f80a65dcdcd510fad7
mu_intellitrace_collector_for_visual_studio_2012_x86_921040.exe,"IntelliTrace Collector for Visual Studio 2012 (x86) - (Multiple Languages)",b1b4fcad3ab64f18d2112342364d9ed1b739e123
mu_intellitrace_collector_for_visual_studio_2013_update_3_x86_4836029.exe,"IntelliTrace Collector for Visual Studio 2013 Update 3 (x86) - (Multiple Languages)",460c7b08943b342dc2a983e9e03ded0a20c93a07
mu_internet_security_and_acceleration_server_2006_service_pack_1_x86_cd_x14-93722.iso,"Internet Security and Acceleration (ISA) Server 2006 Service Pack 1 (x86) - CD (Chinese-Simplified, Chinese-Traditional, English, French, German, Italian, Japanese, Korean, Portuguese-Brazil, Russian,",8f23b0b72f9edd666149507d5c9d33f11628b44b
mu_lync_for_mac_2011_mac_dvd_737519.dmg,"Lync for Mac 2011 - (Multilanguage)",641f147be07e22fc0c6d1aefe9b9513dac78868a
mu_lync_for_mac_2011_with_service_pack_2_842710.dmg,"Lync for Mac 2011 with Service Pack 2 (Mac) - (Multiple Languages)",ac9c99ed0af008e263a73365a621a4b920e33fc4
mu_microsoft_azure_authoring_tools_x64_5391313.msi,"Microsoft Azure Authoring Tools (x64) - (Multiple Languages)",99f3c597dd5dbd18680d4926e8f9da708cabe757
mu_microsoft_azure_authoring_tools_x86_5391313.msi,"Microsoft Azure Authoring Tools (x86) - (Multiple Languages)",b093419b9d51d5b2c230ebb0c6022995d5a4fd37
mu_microsoft_azure_client_libraries_for_.net_x64_4831010.msi,"Microsoft Azure Client Libraries for .NET (x64) - (Multiple Languages)",43eeaf5de392c179caa82266a5551376f8faabac
mu_microsoft_azure_client_libraries_for_.net_x86_4831010.msi,"Microsoft Azure Client Libraries for .NET (x86) - (Multiple Languages)",cc31505cbfabeda0177b8a9e3739c7b9da45bd95
mu_microsoft_azure_compute_emulator_x64_4831010.exe,"Microsoft Azure Compute Emulator (x64) - (Multiple Languages)",1501f4b57ab66e3c3d90e7d3a78da36e118c55bd
mu_microsoft_azure_compute_emulator_x86_4831010.exe,"Microsoft Azure Compute Emulator (x86) - (Multiple Languages)",3fb4a2b7ca6aabd8bf35724ec51c718bccacbe79
mu_microsoft_azure_lightswitch_tools_for_visual_studio_2013_x86_x64_4831010.exe,"Microsoft Azure LightSwitch Tools for Visual Studio 2013 (x86 and x64) - (Multiple Languages)",4676d24eb88cb93be0a4bd1ac10c7ce22ce29042
mu_microsoft_azure_storage_emulator_x86_x64_4831010.msi,"Microsoft Azure Storage Emulator (x86 and x64) - (Multiple Languages)",14d66d744f2aea6a1e723ba06cec635718e2f113
mu_microsoft_azure_storage_tools_x86_x64_5391313.msi,"Microsoft Azure Storage Tools (x86 and x64) - (Multiple Languages)",e523477907985b2dc7af2d967cd56454a24daaf6
mu_microsoft_azure_tools_for_visual_studio_2012_x86_x64_4831010.exe,"Microsoft Azure Tools for Visual Studio 2012 (x86 and x64) - (Multiple Languages)",47063d7a5531dea4aa50075c74888e0030f0bfdf
mu_microsoft_azure_tools_for_visual_studio_2013_x86_x64_4831010.exe,"Microsoft Azure Tools for Visual Studio 2013 (x86 and x64) - (Multiple Languages)",bf3ab5991467f84218b22d14cf89c1b791901fe8
mu_microsoft_build_tools_2013_x86_3009300.exe,"Microsoft Build Tools 2013 (x86) - (Multiple Languages)",abf9efbcfe2b896c07eb14b97e0fc972f1bbaad8
mu_microsoft_dynamics_ax_4.0_with_service_pack_1_license_file.txt,"Microsoft Dynamics AX 4.0 with Service Pack 1 - License File (English)",6225ed4ea57b1472bacc5602f9407df0fc6b6a1f
mu_microsoft_hpc_pack_2008_r2_with_service_pack_2_x86_x64_dvd_709909.iso,"Microsoft HPC Pack 2008 R2 with Service Pack 2 (x86 and x64) - DVD (Chinese-Simplified, English, and Japanese)",9123da843e25eef522533530cab874ec8cf92fcb
mu_multibyte_mfc_library_for_visual_studio_2013_x86_3009290.exe,"Multibyte MFC Library for Visual Studio 2013 (x86) - (Multiple Languages)",16200eabd40d9ed01fbe955364290b5cfdd8a8fe
mu_office_2003_sp1_d2.iso,"Office 2003 Service Pack 1 -- Disc 2 (Multiple Languages)",5fc0a9c0cdf821cbac8477185078c73c028e90cd
mu_office_2003_sp1.iso,"Office 2003 Service Pack 1 -- Disc 1 (Multiple Languages)",4af5f4336235fc7dac0fa2362952c5fe6944cb74
mu_office_2010_sp1_x64_732831.iso,"Office 2010 SP1 (x64) - DVD (Multiple Languages)",6a85c16f705d5d43d2ceec9deccf17b4f2cb0df1
mu_office_2010_sp1_x64_732872.iso,"Office 2010 SP1 (x64) - DVD (Multiple Languages)",3581c78426de304b02a9d3eed855910fa598d975
mu_office_2010_sp1_x64_732893.iso,"Office 2010 SP1 (x64) - DVD (Multiple Languages)",8dc9314f97c837fb5143f55283046f8c474ef768
mu_office_2010_sp1_x64_732913.iso,"Office 2010 SP1 (x64) - DVD (Multiple Languages)",c529f8710e4941c5ee7d0da41706502aff1f8ff3
mu_office_2010_sp1_x86_732806.iso,"Office 2010 SP1 (x86) - DVD (Multiple Languages)",e7ba86bb9228d56ef8fc10d200386fecd31dfb27
mu_office_2010_sp1_x86_732892.iso,"Office 2010 SP1 (x86) - DVD (Multiple Languages)",de8d9b52ae3cd38de66ea6069065fd8f870aa724
mu_office_2010_sp1_x86_732912.iso,"Office 2010 SP1 (x86) - DVD (Multiple Languages)",289f2912b48318285a2a6ceda6ff22b182e8e24b
mu_office_2010_sp1_x86_732914.iso,"Office 2010 SP1 (x86) - DVD (Multiple Languages)",d0445c2c90221be18a6693699ffa3d39ad0de14d
mu_office_2010_sp2_x64_dvd_2803289.iso,"Office 2010 SP2 (x64) - DVD (Multiple Languages)",75a6317edc0ea8878f360d900cabea8389c6c776
mu_office_2010_sp2_x64_dvd_2803291.iso,"Office 2010 SP2 (x64) - DVD (Multiple Languages)",74c5bf462fd516580fa49ffa2abb4f21b0013f74
mu_office_2010_sp2_x64_dvd_2803293.iso,"Office 2010 SP2 (x64) - DVD (Multiple Languages)",de3441727a778a96409b7fce6b4fcd88284b7e39
mu_office_2010_sp2_x64_dvd_2803299.iso,"Office 2010 SP2 (x64) - DVD (Multiple Languages)",8882e2570bad1b22bb3ddb1e9e6913e1e0d5aebf
mu_office_2010_sp2_x86_dvd_2803287.iso,"Office 2010 SP2 (x86) - DVD (Multiple Languages)",a576331fae1c0151daa55a3c340975ffa9e99566
mu_office_2010_sp2_x86_dvd_2803290.iso,"Office 2010 SP2 (x86) - DVD (Multiple Languages)",25969c20d7dcc616463defdb7a843c76c7975552
mu_office_2010_sp2_x86_dvd_2803292.iso,"Office 2010 SP2 (x86) - DVD (Multiple Languages)",9855c682533be35f5872f468e336868c655dfccd
mu_office_2010_sp2_x86_dvd_2803296.iso,"Office 2010 SP2 (x86) - DVD (Multiple Languages)",cbe41f3ea12f82ecb640a5ce82408024f9b55033
mu_office_multi-language_pack_2007_x64_x86_dvd_x12-36006.iso,"Disc 2: Office 2007 Multi-Language Pack (x86 and x64) - DVD (Multiple Languages - See Details)",bb2a9aa958caf71eb7a56669a722342f8712e248
mu_office_professional_plus_2007_sp3_x86_dvd_803776.iso,"Office Professional Plus 2007 Service Pack 3 (x86) - DVD (Multiple Languages)",4ef5885601fc3299d5f9aff61ff80713eb0ff0a5
mu_office_professional_plus_2007_sp3_x86_dvd_803781.iso,"Office Professional Plus 2007 Service Pack 3 (x86) - DVD (Multiple Languages)",dfed9c0c9ba10825b4095e22bda15cef179ed415
mu_office_professional_plus_2007_sp3_x86_dvd_803782.iso,"Office Professional Plus 2007 Service Pack 3 (x86) - DVD (Multiple Languages)",c1d5880c58781d75c10fcb1a162a91c978d18924
mu_office_professional_plus_2007_sp3_x86_dvd_803783.iso,"Office Professional Plus 2007 Service Pack 3 (x86) - DVD (Multiple Languages)",dc14a0d9d9dbdb68153919b537014684964240c8
mu_office_servers_2010_service_pack_1_x64_dvd_733246.iso,"Office Servers 2010 Service Pack 1 (x64) - DVD (Multiple Languages)",1c964b5631ffe7b57bce55026937118401842f4a
mu_office_sharepoint_server_2007_sp3_x64_dvd_803785.iso,"Office SharePoint Server 2007 Service Pack 3 (x64) - DVD (Multiple Languages)",3144fe707de857ec4379dec7367374c16c2a092b
mu_office_sharepoint_server_2007_sp3_x86_dvd_803784.iso,"Office SharePoint Server 2007 Service Pack 3 (x86) - DVD (Multiple Languages)",4203ff799aab766bc6b65a8e104cce8b38622a73
mu_rail_qfe_for_vista_sp1_x86_443928.msu,"RAIL QFE for Vista SP1 (x86) - (Multiple Languages)",8253de8be6f0ac3953cfb5202b47b424ee6f8195
mu_remote_desktop_connection_7_for_windows_embedded_standard_2009_x86_x16-74841.exe,"Remote Desktop Connection 7 for Windows Embedded Standard 2009 (x86) - (Multiple Languages)",6debae880f63a66e82f05d3e7a667b5d69ab7f28
mu_sharepoint_server_2007_sp2_x64_dvd_x15-30478.iso,"Office SharePoint Server 2007 Service Pack 2 (x64) - DVD (Multiple Languages)",47dc6d1f5983eb05a6249aebf042acfdfb84f5f9
mu_sharepoint_server_2007_sp2_x86_dvd_x15-30474.iso,"Office SharePoint Server 2007 Service Pack 2 (x86) - DVD (Multiple Languages)",6ac4b55ba6bef6323e3b1c337cbfeebf318e64b8
mu_sharepoint_server_2010_service_pack_2_x64_dvd_2642285.iso,"SharePoint Server 2010 Service Pack 2 (x64) - DVD (Multiple Languages)",bd5f1085205b5620b6993ebabf99d6a8d49208b0
"mu_system_center_2012_ service_manager_with_sp1 _x64_dvd_3220482.iso","System Center 2012 – Service Manager with Service Pack 1 (x64) - DVD (Multiple Languages)",a9433431b26e645590d238544ab26ab7b8f4a8e8
mu_system_center_2012_app_controller_with_sp1_x64_dvd_1345042.iso,"System Center 2012 – App Controller with Service Pack 1 (x64) - DVD (Chinese-Simplified, English, French, German, Italian, Japanese, Portuguese-Brazil, Russian, and Spanish)",cdb282e40ac6e53a9d474e05beb2739d122d5a7f
mu_system_center_2012_app_controller_x64_dvd_804825.iso,"System Center 2012 – App Controller (x64) - DVD (English, Chinese - Simplified, French, German, Italian, Japanese, Portuguese-Brazil, Russian, Spanish)",ba63d61c1c80245b2994df1e3aa0635279b7bafa
mu_system_center_2012_configuration_manager_and_endpoint_protection_with_sp1_x86_x64_dvd_1565907.iso,"System Center 2012 Configuration Manager and Endpoint Protection with Service Pack 1 (x86 and x64) - DVD (Chinese-Simplified, English, French, German, Japanese, and Russian)",ab930f8fc127d00c510a5fd73038cf16dcfd2290
mu_system_center_2012_configuration_manager_x86_x64_dvd_816412.iso,"System Center 2012 Configuration Manager and Endpoint Protection (x86 and x64) - DVD (English, Chinese - Simplified, French, German, Japanese, Russian)",ffe7adf9eaf5ef124723d082670c985ea1057c87
mu_system_center_2012_data_protection_manager_with_sp1_x64_dvd_1359086.iso,"System Center 2012 – Data Protection Manager with Service Pack 1 (x64) - DVD (Chinese-Simplified, English, French, German, Italian, Japanese, Portuguese-Brazil, Russian, and Spanish)",d26ccea0c2728266dbe8120062344e77b44d31eb
mu_system_center_2012_data_protection_manager_x64_dvd_804296.iso,"System Center 2012 – Data Protection Manager (x64) - DVD (English, Chinese - Simplified, French, German, Italian, Japanese, Portuguese-Brazil, Russian, Spanish)",1c32372c662fdcbc3f8d785cf1418be3d7bc9b86
mu_system_center_2012_r2_app_controller_x86_and_x64_dvd_2920173.iso,"System Center 2012 R2 App Controller (x86 and x64) - DVD (Multiple Languages)",556ae2947997d241f9fad8ae6bf897634aa8622b
mu_system_center_2012_r2_configuration_manager_x86_and_x64_dvd_2926949.iso,"System Center 2012 R2 Configuration Manager (x86 and x64) - DVD (Multiple Languages)",11938aefa3d87db6daa62425a22948eab3b3bf59
mu_system_center_2012_r2_data_protection_manager_x86_and_x64_dvd_2945939.iso,"System Center 2012 R2 Data Protection Manager (x86 and x64) - DVD (Multiple Languages)",26288838fbef0c0f99157f7e98db3e7b8db8ef86
mu_system_center_2012_r2_orchestrator_x86_and_x64_dvd_2616997.iso,"System Center 2012 R2 Orchestrator (x86 and x64) - DVD (Multiple Languages)",b04374ff7879a59231132e68490143ff09ec550e
mu_system_center_2012_r2_service_manager_x86_x64_dvd_3166970.iso,"System Center 2012 R2 Service Manager (x86 and x64) - DVD (Multiple Languages)",41a55678d00486b96b787f28faf969e444d975a7
mu_system_center_2012_r2_virtual_machine_manager_x86_and_x64_dvd_2913737.iso,"System Center 2012 R2 Virtual Machine Manager (x86 and x64) - DVD (Multiple Languages)",6be8bef3ce1305b41f924aa16ec603b75a6a4363
mu_system_center_2012_service_manager_x64_dvd_823269.iso,"System Center 2012 – Service Manager (x64) - DVD (English, Chinese - Simplified, French, German, Italian, Japanese, Portuguese-Brazil, Russian, Spanish)",d6813fb4ba1143700a5919fddea3c4defe441ce9
mu_system_center_2012_virtual_machine_manager_with_sp1_x64_dvd_1348927.iso,"System Center 2012 - Virtual Machine Manager with Service Pack 1 (x64) - DVD (Chinese-Simplified, English, French, German, Italian, Japanese, Portuguese-Brazil, Russian, and Spanish)",cb4c38b5a9945d118f405ed0dabcd9468f105279
mu_system_center_2012_virtual_machine_manager_x64_dvd_822393.iso,"System Center 2012 - Virtual Machine Manager (x64) - DVD (English, Chinese - Simplified, French, German, Italian, Japanese, Portuguese-Brazil, Russian, Spanish)",f137ed928ca252a0e2b06ec92acd96d9b3887297
mu_system_center_configuration_manager_2007_with_sp2_icp2_dvd_x16-16586.iso,"System Center Configuration Manager 2007 with Service Pack 2 International Client Pack 2 - DVD (Multiple Languages)",0d7256c00a7f7fe53e14dd83bf9490eaa1b7fadb
mu_system_center_data_protection_manager_2007_x64_dvd_x13-88598.iso,"System Center Data Protection Manager 2007 (x64) - DVD (English, French, German, Italian, Japanese, Korean, Simplified Chinese, Spanish, Traditional Chinese)",927e783f404a7c3d203e0d15bafee89069ab762f
mu_system_center_data_protection_manager_2007_x86_dvd_x13-88594.iso,"System Center Data Protection Manager 2007 (x86) - DVD (English, French, German, Italian, Japanese, Korean, Simplified Chinese, Spanish, Traditional Chinese)",8ed97b53c0e9cb7038241faf15c76ad7c3a07cbd
mu_system_center_data_protection_manager_2010_x64_dvd_522988.iso,"System Center Data Protection Manager 2010 (x64) - DVD (Chinese-Simplified, Chinese-Traditional, English, French, German, Italian, Japanese, Korean, Portuguese-Brazil, Russian, and Spanish)",d6a739af3509715e22a032b29563f2bbe3258dfd
mu_system_center_service_manager_2010_sp1_x64_dvd_619471.iso,"System Center Service Manager 2010 SP1 (x64) - DVD (Multiple Languages)",cca05aa15bda39bbbb8ca99f5afaf63c256cef30
mu_system_center_service_manager_2010_x64_dvd_541159.iso,"System Center Service Manager 2010 (x64) - DVD (Chinese-Simplified, Chinese-Traditional, English, French, German, Italian, Japanese, Korean, Portuguese-Brazil, Russian, and Spanish)",54573ff459484b5ace67d2c8c600883151291031
mu_system_center_virtual_machine_manager_2008_r2_with_service_pack_1_x64_dvd_666157.iso,"System Center Virtual Machine Manager 2008 R2 with Service Pack 1 (x64) - DVD (Multiple Languages)",2729517e489253613bd44985dfd1c7edba9ea582
mu_system_center_virtual_machine_manager_2008_r2_workgroup_with_service_pack_1_x64_dvd_666174.iso,"System Center Virtual Machine Manager 2008 R2 Workgroup with Service Pack 1  (x64) - DVD (Multiple Languages)",d64f340af6093d1f1fc72196a0ae17e7aa7207ee
mu_system_center_virtual_machine_manager_2008_r2_x64_dvd_x15-83150.iso,"System Center Virtual Machine Manager 2008 R2 (x64) - DVD (Chinese-Simplified, Chinese-Traditional, English, French, German, Italian, Japanese, Korean, Spanish)",3a1d2d0b08832bb5054e6357fe4027bcdcbb7f94
mu_team_explorer_everywhere_for_team_foundation_server_2013_x86_x64_ia64_dvd_3038237.iso,"Team Explorer Everywhere for Team Foundation Server 2013 (x86, x64, and ia64) - DVD (Multiple Languages)",27415d59cdbafc243caec2b23333385ef41b80df
mu_team_foundation_server_2010_sp1_x86_x64_651711.exe,"Team Foundation Server 2010 Service Pack 1 (x86 and x64) - (Multiple Languages)",6132f7d2f0511632ef53ed9f0e96a614d8e2d095
mu_update_for_windows_server_2008_kb950050_x64.msu,"Update for Windows Server 2008 - KB950050 (x64) - MSU (Multiple Languages)",0440bab6c829c0cc052473e34d42e18d37745a91
mu_update_for_windows_server_2008_kb950050_x86.msu,"Update for Windows Server 2008 - KB950050 (x86) - MSU (Multiple Languages)",ca9c19235f4789743d1d818c33726e0f2600238a
mu_update_for_windows_server_2008_multilingual_user_interface_language_pack_kb951636_x64.msu,"Update for Windows Server 2008 Multilingual User Interface Language Pack - KB951636 (x64) - MSU (Multiple Languages)",512a40f75de305dc33b95da096ef08c7c8c3e7c1
mu_update_for_windows_server_2008_multilingual_user_interface_language_pack_kb951636_x86.msu,"Update for Windows Server 2008 Multilingual User Interface Language Pack - KB951636 (x86) - MSU (Multiple Languages)",06a5d838372b9c50381187b9b0b3769960d262f0
mu_update_for_windows_vista_kb952627_x64.msu,"Update for Windows Vista - KB952627 (x64) - MSU (Multiple Languages)",1531a42a4eba6a332ea3d589b4c21d77f7a332e7
mu_update_for_windows_vista_kb952627_x86.msu,"Update for Windows Vista - KB952627 (x86) - MSU (Multiple Languages)",ce26bf2b9467577a5b61a9213a7847fb2af9597f
mu_user_experience_virtualization_2.0_x86_x64_dvd_3220555.iso,"User Experience Virtualization 2.0 (x86 and x64) - DVD (Multiple Languages)",9ae67137282725ff5492e459b909763077401283
"mu_user_experience_virutalization_1_0_sp_ 1_x86_x64_dvd_1610543.iso","User Experience Virtualization Hosting for Desktops 1.0 Service Pack 1 (x86 and x64) - DVD (Multiple Languages)",722003bbfd75ff98a833bb66a6c75b073a825f66
mu_visual_studio_2005_service_pack_1_dvd_x13-40126.iso,"Visual Studio 2005 Service Pack 1 - DVD (Multilanguage)",bcc2a795df3ffc32ad2d1ce84b06bbd8b2f664ad
mu_visual_studio_2010_sp1_web_installer_x86_651694.exe,"Visual Studio 2010 Service Pack 1 Web Installer (x86) - (Multiple Languages)",de33c308a5f9e6eb2cdd23c56ee069191350a792
mu_visual_studio_2010_sp1_x86_dvd_651704.iso,"Visual Studio 2010 Service Pack 1 (x86) - DVD (Multiple Languages)",61c2088850185ede8e18001d1ef3e6d12daa5692
mu_visual_studio_2012_update_3_x86_2364557.exe,"Visual Studio 2012 Update 3 (x86) - (Multiple Languages)",8b6b34b7c0cf2ce2ae7820759e8e36e0f1478c0c
mu_visual_studio_2012_update_3_x86_dvd_2364556.iso,"Visual Studio 2012 Update 3 (x86) - DVD (Multiple Languages)",89d4ac51ab2444134d61b668aaa8c4a655b84510
mu_visual_studio_2012_update_4_x86_3161756.exe,"Visual Studio 2012 Update 4 (x86) - (Multiple Languages)",bb76be0c996b8e0687ca68c60353bbe10bb4552f
mu_visual_studio_2012_update_4_x86_dvd_3161759.iso,"Visual Studio 2012 Update 4 (x86) - DVD (Multiple Languages)",0cf5fca2347387c8766b2a2717cc26fb03c722e8
mu_visual_studio_2013_update_1_x86_3941050.exe,"Visual Studio 2013 Update 1 (x86) - (Multiple Languages)",7bc981c7f8badaf5202b825d17297a648394b24c
mu_visual_studio_2013_update_1_x86_dvd_3941051.iso,"Visual Studio 2013 Update 1 (x86) - DVD (Multiple Languages)",b4ebc3d620e07633e06e0080d6948ff4ac1594bc
mu_visual_studio_2013_update_2_x86_dvd_4238353.iso,"Visual Studio 2013 Update 2 (x86) - DVD (Multiple Languages)",1a1c6846f64edb376a3024c911723647179800aa
mu_visual_studio_2013_update_2_x86_web_installer_4238352.exe,"Visual Studio 2013 Update 2 (x86) - Web Installer (Multiple Languages)",08170732c2d6ad26f8d15814df8cb069194289ee
mu_visual_studio_2013_update_3_x86_dvd_4834754.iso,"Visual Studio 2013 Update 3 (x86) - DVD (Multiple Languages)",35990f95bf559e24cdc614fdb1cb7d9aa7072108
mu_visual_studio_2013_update_3_x86_web_installer_4834755.exe,"Visual Studio 2013 Update 3 (x86) - Web Installer (Multiple Languages)",07d2d6fd53e7ede1fb612619a11bbcd5530a3e56
mu_vsnet2003sp1.exe,"Visual Studio .NET 2003 Service Pack 1 (Multiple Languages)",e8e83d93c690ded045215acaab55947cbf7a4c15
mu_web_tools_extensions_for_visual_studio_2012_x86_x64_4101245.msi,"Web Tools Extensions for Visual Studio 2012 (x86 and x64) - (Multiple Languages)",0fce597ab07e2450efe7401c4339cc2d965d04cf
mu_web_tools_extensions_for_visual_studio_2013_x86_x64_4101245.msi,"Web Tools Extensions for Visual Studio 2013 (x86 and x64) - (Multiple Languages)",7374836924e4671309e23d6497717fa0b00a0bb9
mu_web_tools_extensions_for_visual_studio_2013_x86_x64_4831010.msi,"Web Tools Extensions for Visual Studio 2013 (x86 and x64) - (Multiple Languages)",986221931c511b4e57573f984173303798107dc4
mu_web_tools_extensions_for_visual_web_developer_2012_x86_x64_4101245.msi,"Web Tools Extensions for Visual Web Developer 2012 (x86 and x64) - (Multiple Languages)",829afab0a0bf64f8606b731634dc21aa73184749
mu_web_tools_extensions_for_visual_web_developer_2013_x86_x64_4101245.msi,"Web Tools Extensions for Visual Web Developer 2013 (x86 and x64) - (Multiple Languages)",87eed11b5d5b42af8288c1c7805dc7aa4bd9804f
mu_web_tools_extensions_for_visual_web_developer_2013_x86_x64_4831010.msi,"Web Tools Extensions for Visual Web Developer 2013 (x86 and x64) - (Multiple Languages)",261d4a77159201ccbace2c53adab11c3e583dc8d
mu_windows_7_and_windows_server_2008_r2_sp1_x86_x64_dvd_619642.iso,"Windows 7 and Windows Server 2008 R2 Service Pack 1 (x86 and x64) - DVD (Multiple Languages)",f2aba1102e18ead08c78527ab422c09ab7d1f54c
mu_windows_7_language_pack_x64_dvd_x15-73276.iso,"Windows 7 Language Pack (x64) - DVD (Multiple Languages)",5ab13e8534fa6e17db2ededead0d219e9b99a794
mu_windows_7_language_pack_x86_dvd_x15-73272.iso,"Windows 7 Language Pack (x86) - DVD (Multiple Languages)",9a04b246f132d929cde04b14dd07fcf5f14d2f23
mu_windows_7_sp1_language_pack_x64_dvd_619714.iso,"Windows 7 Service Pack 1 Language Pack (x64) - DVD (Multiple Languages)",7cd1fe568d968d89792dc9ff20e9af2b318995c2
mu_windows_7_sp1_language_pack_x86_dvd_619716.iso,"Windows 7 Service Pack 1 Language Pack (x86) - DVD (Multiple Languages)",e9261433ff5ccaca818328a9bdbbed3f21a6405e
mu_windows_8_1_language_pack_x64_dvd_2706084.iso,"Windows 8.1 Language Pack (x64) - DVD (Multiple Languages)",4d567d72cbff463f5c2c64b0b221e7a408240183
mu_windows_8_1_language_pack_x86_dvd_2706085.iso,"Windows 8.1 Language Pack (x86) - DVD (Multiple Languages)",3b62f16f50f3f80a58be29b4b3a99885bd8f1ad4
mu_windows_8_language_pack_x64_dvd_917544.iso,"Windows 8 Language Pack (x64) - DVD (Multiple Languages)",5a79dc188f8368d8a285d75075e194d15b126929
mu_windows_8_language_pack_x86_dvd_917546.iso,"Windows 8 Language Pack (x86) - DVD (Multiple Languages)",f8734af3d58ac80f8455857f65108f3f585f18ae
mu_windows_azure_authoring_tools_x64_4101245.msi,"Windows Azure Authoring Tools (x64) - (Multiple Languages)",749beb41e9df4e3543a7d4e7427d6113ee88313e
mu_windows_azure_authoring_tools_x86_4101245.msi,"Windows Azure Authoring Tools (x86) - (Multiple Languages)",cb2a80549228ec343bea77e426c0ad82bd367afa
mu_windows_azure_client_libraries_for_.net_x64_4101245.msi,"Windows Azure Client Libraries for .NET (x64) - (Multiple Languages)",d71d893e3992575e095154481202bb3392a5ba5f
mu_windows_azure_client_libraries_for_.net_x86_4101245.msi,"Windows Azure Client Libraries for .NET (x86) - (Multiple Languages)",a60056840bf7f392062ad652315e1be92beaba1e
mu_windows_azure_emulator_x64_4101245.exe,"Windows Azure Emulator (x64) - (Multiple Languages)",5580abbaf01fa0798a9a21014dc3820fdcdcdb31
mu_windows_azure_emulator_x86_4101245.exe,"Windows Azure Emulator (x86) - (Multiple Languages)",1732ff74bcef7a3471180d97011549c2650255a7
mu_windows_azure_lightswitch_tools_for_visual_studio_2013_x86_x64_4101245.exe,"Windows Azure LightSwitch Tools for Visual Studio 2013 (x86 and x64) - (Multiple Languages)",d03b1649427b879f29ecb1550f8d7f6030d8096e
mu_windows_azure_storage_emulator_x86_x64_4101245.msi,"Windows Azure Storage Emulator (x86 and x64) - (Multiple Languages)",1356ec2b8e2dbe40c737e5555dd11dfa1be1ab47
mu_windows_azure_storage_tools_x86_x64_4101245.msi,"Windows Azure Storage Tools (x86 and x64) - (Multiple Languages)",cf3eec52e294143b73028b8b81430edd20b1cad3
mu_windows_azure_tools_for_visual_studio_2012_x86_x64_4101245.exe,"Windows Azure Tools for Visual Studio 2012 (x86 and x64) - (Multiple Languages)",59489b4a643c375425e6dd2132d3076fb5769f65
mu_windows_azure_tools_for_visual_studio_2013_x86_x64_4101245.exe,"Windows Azure Tools for Visual Studio 2013 (x86 and x64) - (Multiple Languages)",fc862684bf4f714d0b21cb05f9f8fad06cc7dea8
mu_windows_embedded_8_industry_pro_language_pack_x86_x64_dvd_1966340.iso,"Windows Embedded 8 Industry Pro Language Pack (x86 and x64) - DVD (Multiple Languages)",c94eb746a0294adc067d5d417fccdb24df51d40b
mu_windows_embedded_8_standard_language_pack_x64_dvd_2045374.iso,"Windows Embedded 8 Standard Language Pack (x64) - DVD (Multiple Languages)",ed99b226429bdcbb5f09aa922a219215bcd4005e
mu_windows_embedded_8_standard_language_pack_x86_dvd_2045226.iso,"Windows Embedded 8 Standard Language Pack (x86) - DVD (Multiple Languages)",aa43b9aca160ec44307b963f3feac00b8a550426
mu_windows_embedded_device_manager_2011_x86_and_x64_dvd_625966.iso,"Windows Embedded Device Manager 2011 (x86 and x64) - DVD (Chinese-Traditional, English, and Korean)",4a4bf585504b857c57c41fc0c4ec7741450977c9
mu_windows_server_2008_r2_language_pack_x64_dvd_x15-90636.iso,"Windows Server 2008 R2 Language Pack (x64) – DVD (Multiple Languages)",9791594631adf24be12e87ccc274e13f60890d26
mu_windows_server_2008_r2_sp1_language_pack_ia64_dvd_619613.iso,"Windows Server 2008 R2 Service Pack 1 Language Pack (ia64) - DVD (Multiple Languages)",ce422496fd7596bf22827b1baa71eabe19906c2a
mu_windows_server_2008_r2_sp1_language_pack_x64_dvd_619614.iso,"Windows Server 2008 R2 Service Pack 1 Language Pack (x64) - DVD (Multiple Languages)",79a25edaae853e1c78e7ab984d40acff0e53bd19
mu_windows_server_2012_language_pack_x64_dvd_917551.iso,"Windows Server 2012 Language Pack (x64) - DVD (Multiple Languages)",7649170854669df9cb47907ec819fa541807e927
mu_windows_server_2012_r2_language_pack_x64_dvd_2710896.iso,"Windows Server 2012 R2 Language Pack (x64) - DVD (Multiple Languages)",e0bd3827bd885e5e4e559158a64d650bcaca991e
mu_windows_storage_server_2008_r2_embed_stand_ent_work_iscsi_software_target_3.3__x64_dvd_587719.iso,"Windows Storage Server 2008 R2 Embedded (Standard, Enterprise, Workgroup) with iSCSI Software Target 3.3 (x64) - DVD (Multiple Languages) ",cac10773b6dd63fd397f5f00252b252caf70ee40
mu_windows_virtual_pc_x64_435190.msu,"Windows Virtual PC (x64) - (Multiple Languages)",f86e6e84b2cf9cca6d0061bc59905bb8abf21f0b
mu_windows_virtual_pc_x86_435190.msu,"Windows Virtual PC (x86) - (Multiple Languages)",9eda5cddb1dbe05405df33344626746fb67e1acf
mu_windows_vista_service_pack_1_x64_72329.exe,"Windows Vista Service Pack 1 (x64) - EXE (Multilanguage)",12eed6cf0a842ce2a609c622b843afc289a8f4b9
mu_windows_vista_service_pack_1_x86_72330.exe,"Windows Vista Service Pack 1 (x86) - EXE (Multilanguage)",b8a3fa8f819269e37d8acde799e7a9aea3dd4529
mu_windows_vista_service_pack_1_x86_cd_x14-47491.iso,"Windows Vista Service Pack 1 (x86) - CD (Multilanguage)",5ca9e62a3309e1ec10381f41dac9e72d1cbde336
mu_windows_vista_service_pack_1_x86_x64_dvd_x14-47490.iso,"Windows Vista Service Pack 1 (x86, x64) - DVD (Multilanguage)",0ba889c4f6494ae7b233db70fccb8844e064598a
mu_windows_vista_sp2_x86_cd_x15-39755.iso,"Windows Vista Service Pack 2 (x86) - CD (All Languages)",91fb7f33b838d0378647f49e35850622babed4bf
mu_windows_vista_sp2_x86_x64_ia64_dvd_x15-39754.iso,"Windows Vista Service Pack 2 and Windows Server 2008 Service Pack 2 (x86, x64, ia64) - DVD (All Languages)",8237e8d1f03f6975d2e3a75715c9076073c02749
mu_windows_vista_with_service_pack_1_global_language_pack_x64_dvd_x14-54835.iso,"Windows Vista with Service Pack 1 Global Language Pack (x64) - DVD (English, French, German, Spanish)",1971d264ff08862a0470500b75fbc1f017f8d3dc
mu_windows_vista_with_service_pack_1_global_language_pack_x64_dvd_x14-55134.iso,"Windows Vista with Service Pack 1 Global Language Pack (x64) - DVD (Multilanguage)",dad9e0a95182c66b5993644b83748be6f1589b41
mu_windows_vista_with_service_pack_1_global_language_pack_x64_dvd_x14-55138.iso,"Windows Vista with Service Pack 1 Global Language Pack (x64) - DVD (Multilanguage)",fdd2dd6b9c81a5eabd4c4dc3122fc03f4b18ae8f
mu_windows_vista_with_service_pack_1_global_language_pack_x86_dvd_x14-54827.iso,"Windows Vista with Service Pack 1 Global Language Pack (x86) - DVD (English, French, German, Spanish)",65638095efa2d16f5b9ce8c09bea98ccb307d6a8
mu_windows_vista_with_service_pack_1_global_language_pack_x86_dvd_x14-55142.iso,"Windows Vista with Service Pack 1 Global Language Pack (x86) - DVD (Multilanguage)",cbf3340315a71a26ba2d26478b418908a0df4677
mu_windows_vista_with_service_pack_1_global_language_pack_x86_dvd_x14-55146.iso,"Windows Vista with Service Pack 1 Global Language Pack (x86) - DVD (Multilanguage)",96f5f561ea9f0820b823b49ce468fcffa99861b4
mui_isa_2004_sp2.iso,"ISA Server 2004 Service Pack 2 (English, French, German, Japanese, Simplified Chinese, Spanish, Traditional Chinese)",188ff436888bfb39e3ccc8a320fad2bfa0567398
mui_office_2003_project_pro_cd1.iso,"Office Project Professional 2003 Multilingual User Interface (Danish, Dutch, French, German, Italian, Japanese)",d837f33e184409ee1f3634fad06d6e7aba295bd9
mui_office_2003_project_pro_cd2.iso,"Office Project Professional 2003 Multilingual User Interface (Chinese-Simplified, Finnish, Norwegian, Polish, Swedish)",aae20036c79554237f1e26282fafcecf233c007c
mui_office_2003_project_pro_cd3.iso,"Office Project Professional 2003 Multilingual User Interface (Chinese-Traditional, Greek, Korean, Portuguese-Brazil, Portuguese-Portugal, Spanish)",a0618bf311be270f2b33886f26433d56298c7395
mui_office_2003_project_pro_cd4.iso,"Office Project Professional 2003 Multilingual User Interface (Czech, Hebrew, Hungarian, Russian, Turkish)",fee11a00e6622c63a4c7458caa591ac6cea1f404
mui_office_communicator.msi,"Office Communicator 2005 Multilingual User Interface (MUI) Package",ae5d9d14944dc2159f0ce96bd1814280a031b69b
mui_office_xp_sp3.iso,"Office XP Service Pack 3 (Multiple Languages)",0e99d9ed83487e7fd0208b07634aa38f0154d68c
mui_project_2003_sp1.iso,"Project 2003 Service Pack 1 (MUI)",0e5d9be3eabc13240f7904c27f23f64ff155e68d
mui_visio_2003_sp1.iso,"Visio 2003 Service Pack 1 (Multiple Languages)",f6c2709fbef3357177c82ee4280677fcaac715cb
mui_win_xp_pro_64-bit_cd1.iso,"Windows XP Multilingual User Interface Pack - IA64 - CD 1 (Multi-Language)",f045ed95fdb7025e347e5c5e5354ebab09dbbe9e
mui_win_xp_pro_n_cd1.iso,"Windows XP Pro N Multilingual User Interface Pack CD 1",9d98df38b6e0ae4679d06991a10fa2baa725db08
mui_win_xp_pro_n_cd2.iso,"Windows XP Pro N Multilingual User Interface Pack CD 2",058c4dc5da1d17aa9115f9d485cfc26238391260
mui_win_xp_pro_n_cd3.iso,"Windows XP Pro N Multilingual User Interface Pack CD 3",51475e33ae47690dc9f90c963f9b1640604050be
mui_win_xp_pro_n_cd4.iso,"Windows XP Pro N Multilingual User Interface Pack CD 4",850a445f6f69ad15b010f424ed6321c4b529ad02
mui_win_xp_pro_n_cd5.iso,"Windows XP Pro N Multilingual User Interface Pack CD 5",59cda82a7fc210350d4ff31b1f08c00a12a518ef
mui_windows_server_2003_cd1.iso,"Windows Server 2003 Multilingual User Interface - (Chinese-Simplified, Chinese-Traditional, German, Japanese, Korean)",91484ebd491c66381b059fa6f241f2996c8c8194
mui_windows_server_2003_cd2.iso,"Windows Server 2003 Multilingual User Interface - (Spanish, French, Swedish, Dutch, Portuguese-Brazil)",7ec520ff22b501c2210cbeb895f14eed73c95680
mui_windows_server_2003_cd3.iso,"Windows Server 2003 Multilingual User Interface - (Hungarian, Turkish, Czech, Polish, Russian, Portuguese-Portugal)",7638dc90b7fa0ddfbc92a4a277dff4adcaf360c7
mui_windows_server_2003_cd4.iso,"Windows Server 2003 Multilingual User Interface - (Finnish, Hebrew, Arabic, Danish, Greek, Norwegian)",0779973960ef572bfe293c5168e956c9d7223953
mui_windows_server_2003_r2_cd1.iso,"Windows Server 2003 R2 Multilingual User Interface Pack Disc 1 (French, German, Japanese, Spanish)",717fe1e1facbf509a4af296d1a2192dfa9dca062
mui_windows_server_2003_r2_cd2.iso,"Windows Server 2003 R2 Multilingual User Interface Pack Disc 2 (Korean, Simplified Chinese, Traditional Chinese)",0393745a2231422452ac7a6643d185b5079a5161
mui_windows_server_2003_r2_cd3.iso,"Windows Server 2003 R2 Multilingual User Interface Pack Disc 3 (Dutch, Italian, Portuguese-Brazil, Swedish)",c39f6182d53561166ccb94b741d00eb3aba5a0b5
mui_windows_server_2003_r2_cd4.iso,"Windows Server 2003 R2 Multilingual User Interface Pack Disc 4 (Czech, Polish, Russian)",b984aca8a6ab3ce1363c0ccf861209bc9414cbbc
mui_windows_server_2003_r2_cd5.iso,"Windows Server 2003 R2 Multilingual User Interface Pack Disc 5 (Hungarian, Portuguese-Portugal, Turkish)",cef01ded5e37a1c2d1c0665c591b59d4cdbbd615
mui_windows_server_2003_r2_x64_cd1.iso,"Windows Server 2003 R2 x64 Edition Multilingual User Interface Pack Disc 1 (German, Japanese)",748bc2d412ec56f6527821b6730f8565094b0c0a
mui_windows_server_2003_r2_x64_cd2.iso,"Windows Server 2003 R2 x64 Edition Multilingual User Interface Pack Disc 2 (French, Italian, Spanish)",991887a2f9214905a932f49bbf54b20ec8345a21
mui_windows_server_2003_r2_x64_cd3.iso,"Windows Server 2003 R2 x64 Edition Multilingual User Interface Pack Disc 3 (Korean, Simplified Chinese, Traditional Chinese)",c2800d4aed5245962f11ae0d2396c8c25829c630
mui_winxp_embedded_cd1.exe,"Windows XP Embedded with Service Pack 1 - MUI CD1",96c0920b44b97da49e30c1491c3887d9e277320b
mui_winxp_embedded_cd2.exe,"Windows XP Embedded with Service Pack 1 - MUI CD2",d0639cbf099639ae35608ca2ef5f396ffc46346f
mui_winxp_embedded_sp1_cd1.iso,"Windows XP Embedded Service Pack 1 - CD1 (MUI)",97c9c0e5970a67959d635bce98e8ac0577324aad
mui_winxp_embedded_sp1_cd2.iso,"Windows XP Embedded Service Pack 1 - CD2 (MUI)",07fdd6f1f369b14545331739c35f24df29aebfdd
mui_winxp_embedded_sp1_cd3.iso,"Windows XP Embedded Service Pack 1 - CD3 (MUI)",b7d475fce3ece629c51df843d475fa90dff9c128
mui_winxp_embedded_sp1_cd4.iso,"Windows XP Embedded Service Pack 1 - CD4 (MUI)",1d6dab87ed7717cb99975f75e5632d6142d682c6
mui_winxp_embedded_sp2_cd1.iso,"Windows XP Embedded Service Pack 2 - CD1 (Multilingual)",8310184aa7287bf0bc7b64f36a1b14eb015bf9cd
mui_winxp_embedded_sp2_cd2.iso,"Windows XP Embedded Service Pack 2 - CD2 (Multilingual)",b6c98332e7dbad81d65b58ffa178a77eed3edea0
mui_winxp_mce_2005_update2_symbols.iso,"Update Rollup 2 for Windows XP Media Center Edition 2005 Symbols (Multi-Language)",6389aa7334ff226aaba6ff11889b2d7fe01e3db1
mui_wxm_cd1.exe,"Windows XP Multilingual User Interface Pack CD 1 (Multi-Language)",0de77e19310aae41df0f6d807ff9ee09061d729a
mui_wxm_cd2.exe,"Windows XP Multilingual User Interface Pack CD 2 (Multi-Language)",1a3fd301b5bf3df513b394d3e15b7ee174516eaa
mui_wxm_cd3.exe,"Windows XP Multilingual User Interface Pack CD 3 (Multi-Language)",5522653c13fa7e772c7f3f88907683a2b88d563e
mui_wxm_cd4.exe,"Windows XP Multilingual User Interface Pack CD 4 (Multi-Language)",523d10b7e70c5b28cddf8230ef6c2dfc621c5d63
mui_wxm_cd5.exe,"Windows XP Multilingual User Interface Pack CD 5 (Multi-Language)",dffaa628d5d869826cab87a501a81d5d15f7b4a8
