ug_ui_strings_glossary_october_2014_x86_x64_5643761.zip,"UI Strings Glossary October 2014 (x86 and x64) - (Uyghur)",f92e431a9433a42707b1815f5e968f9671af8dd6
uk_2007_microsoft_office_suite_service_pack_2_x86.exe,"2007 Microsoft Office Suite Service Pack 2 (x86) - (Ukrainian)",731f203014e7ea9eddc3d52cd748b73aa9426c53
uk_access_2010_x64_545837.exe,"Access 2010 (x64) - (Ukrainian)",9df34cf6cc33d5898f053cbce17677b9ff65727f
uk_access_2010_x86_545829.exe,"Access 2010 (x86) - (Ukrainian)",dbb8cd627de3d03578bfe0290264bfe75f157d4a
uk_access_2010_x86_x64_dvd_545830.iso,"Access 2010 (x86 and x64) - DVD (Ukrainian)",791b99e8aa17d478aed07395288c530cdf672a39
uk_access_2013_x64_1475501.exe,"Access 2013 (x64) - (Ukrainian)",30d978b811fff0d676ed9232d6bc67817a9dcb89
uk_access_2013_x86_1475494.exe,"Access 2013 (x86) - (Ukrainian)",025b587c750e7404a4ebe1d500975a8d59e21b11
uk_access_2013_x86_x64_dvd_1434942.iso,"Access 2013 (x86 and x64) - DVD (Ukrainian)",ead3cad1c6102b044feb01dac0030cc5c00f40fa
uk_bl_office_xp_multi_cd13.iso,"Office XP Multilingual User Interface Pack Disk 13",cce2502de276777cea3aa802e1a2e1e10de24423
uk_business_contact_manager_for_outlook_2010_x64_542841.exe,"Business Contact Manager for Outlook 2010 (x64) - (Ukrainian)",137204572b8568fecb7101be0d9e17480d790c94
uk_business_contact_manager_for_outlook_2010_x86_542830.exe,"Business Contact Manager for Outlook 2010 (x86) - (Ukrainian)",314b7d31586e4c7739cf7211ccaa472a72d6fb8c
uk_business_contact_manager_for_outlook_2010_x86_x64_dvd_542821.iso,"Business Contact Manager for Outlook 2010 (x86 and x64) - DVD (Ukrainian)",a09ade182ad3474d72fa613171e335a17783944d
uk_infopath_2010_x64_545841.exe,"InfoPath 2010 (x64) - (Ukrainian)",c7d56b79d6345e45ca50632806604b5e6346da49
uk_infopath_2010_x86_545920.exe,"InfoPath 2010 (x86) - (Ukrainian)",adb74995a17b845cd10eb4f7a35a40caa81ddb8a
uk_infopath_2010_x86_x64_dvd_545844.iso,"InfoPath 2010 (x86 and x64) - DVD (Ukrainian)",755d2b3f1cc3f74dedc0784efe2c6db180940dac
uk_infopath_2013_x64_1476375.exe,"InfoPath 2013 (x64) - (Ukrainian)",17daa8747f4d6b8c0fdc79ff08cfd744a50ec2e1
uk_infopath_2013_x86_1476367.exe,"InfoPath 2013 (x86) - (Ukrainian)",e50938b656b09b8a9047e8e1f42922a89a9dd456
uk_infopath_2013_x86_x64_dvd_1460845.iso,"InfoPath 2013 (x86 and x64) - DVD (Ukrainian)",4eed387810e6a8d67647a549f98d0f996dc3189e
uk_lync_2010_x64_615697.exe,"Lync 2010 (x64) - (Ukrainian)",8bf4b2ef1d9159909dc788139a9ef9bbf05d0b05
uk_lync_2010_x86_615692.exe,"Lync 2010 (x86) - (Ukrainian)",26cb0daf2d7b282304c778f24abb6d5bd6a45ba8
uk_lync_2013_with_sp1_x86_and_x64_dvd_3857510.iso,"Lync 2013 with Service Pack 1 (x86 and x64) - DVD (Ukrainian)",4daebbd27c7abb1ce718c05a69982e4c93091931
uk_lync_2013_x86_x64_dvd_1461356.iso,"Lync 2013 (x86 and x64) - DVD (Ukrainian)",b25acbba2853264f1a51d345c35032a8a39ad7b8
uk_microsoft_dynamics_crm_2011_language_pack_x64.exe,"Microsoft Dynamics CRM 2011 Language Pack (x64) -  (Ukrainian)",ed44d91e1f59ab2781d82ddfd6c751db5bfcee78
uk_microsoft_dynamics_crm_2011_language_pack_x86.exe,"Microsoft Dynamics CRM 2011 Language Pack (x86) -  (Ukrainian)",9e0be1eff8dfa94aa835d1828bc2735fcf4350a2
uk_microsoft_dynamics_crm_2013_language_pack_sp1_x64_4330432.exe,"Microsoft Dynamics CRM 2013 Language Pack SP1 (x64) - (Ukrainian)",215fd80473707a18d1524a0978d8e9b6723524c2
uk_microsoft_dynamics_crm_2013_language_pack_sp1_x86_4330432.exe,"Microsoft Dynamics CRM 2013 Language Pack SP1 (x86) - (Ukrainian)",25a6d0a7a8927e027ac728b07722ebea963a275f
uk_microsoft_dynamics_crm_2013_language_pack_x64.exe,"Microsoft Dynamics CRM 2013 Language Pack (x64) - (Ukrainian)",62c2adbac8faa041cb3289a9d91d273e77553c71
uk_microsoft_dynamics_crm_2013_language_pack_x86.exe,"Microsoft Dynamics CRM 2013 Language Pack (x86) - (Ukrainian)",0f81456c92c2d372a37a24460d76db3851bcaf62
uk_office_2003_pro.iso,"Office Professional Enterprise Edition 2003 (Ukrainian)",f37710070e0aa0bd7606a1ed48dc4e1fb33a6736
uk_office_2003_service_pack_3_x86.exe,"Office 2003 Service Pack 3 (x86) - (Ukrainian)",f84ddad9c7c98cd2544ae2eb86507ea06269f59e
uk_office_2003_sp1.iso,"Office 2003 Service Pack 1 (Ukranian)",3ee78f76446ef47fbd1ea4781ffe90edcf4e2ff7
uk_office_2003_sp2.exe,"Office 2003 Service Pack 2 (Ukrainian)",4eb662a746381b043c95e93cc92c19f27a477a48
uk_office_2003_sr2_for_mui.exe,"Office 2003 Service Pack 2 for Multilingual User Interface Pack (Ukrainian)",cd7086c86c4f1fba24963c141fbd93dc65384541
uk_office_2013_single_language_pack_with_sp1_x64_3858005.exe,"Office 2013 Single Language Pack with Service Pack 1 (x64) - (Ukrainian)",62e2ae3f3d8178e004d446ebdddbeb5f232f96d0
uk_office_2013_single_language_pack_with_sp1_x86_3857997.exe,"Office 2013 Single Language Pack with Service Pack 1 (x86) - (Ukrainian)",101d6a24cc3f9067e81d1b2fd5f55b4d54d89ff2
uk_office_2013_single_language_pack_with_sp1_x86_and_x64_dvd_3858015.iso,"Office 2013 Single Language Pack with Service Pack 1 (x86 and x64) - DVD (Ukrainian)",ecbeb0834d4496d59ea71de3ca8775894dec73e8
uk_office_2013_single_language_pack_x64_dvd_1476862.iso,"Office 2013 Single Language Pack (x64) - DVD (Ukrainian)",90258b481affff3724184f14e450e7a555bb8c48
uk_office_2013_single_language_pack_x86_dvd_1476852.iso,"Office 2013 Single Language Pack (x86) - DVD (Ukrainian)",7b3f336ee731c8d42e19648ab5a7f7d8ad0968f6
uk_office_2013_single_language_pack_x86_x64_dvd_1476954.iso,"Office 2013 Single Language Pack (x86 and x64) - DVD (Ukrainian)",847a1562c60b05f2e74052de763707ba6e1cbfca
uk_office_access_2007_cd_x12-18911.iso,"Office Access 2007 (Ukrainian)",b52f79ca7c60d24639419e4f4e04648c3b180c6d
uk_office_business_contact_manager_2007_cd_x12-44229.iso,"Office Business Contact Manager 2007 (Ukrainian)",ee25f69f68b612177703bdab4403ced5604b3856
uk_office_communicator_2007_r2_x86_cd_328444.iso,"Office Communicator 2007 R2 (x86) - CD (Ukrainian)",8f0e5b4f0e1ebd70d34a895f1a3cfb4af2dabd8d
uk_office_communicator_2007_x86_cd_x13-78504.iso,"Office Communicator 2007 (x86) - CD (Ukrainian)",4bbcb217edb26b1ba0c17501de663cd92e92ff9f
uk_office_enterprise_2007_dvd_vl_x12-19600.iso,"Office Enterprise 2007 - DVD (Ukrainian)",ab1aff5349df389bd5e77630abebf3e07d5854c5
uk_office_enterprise_2007_united_states_x86_dvd_481338.iso,"Office Enterprise 2007 (x86) - DVD (Ukrainian) (United States)",7ab4142f340d044c9b15ec1f929553e22bd205c4
uk_office_groove_2007_cd_x12-18912.iso,"Office Groove 2007 (Ukrainian)",e2a464b2ad9f927c6dc43a5b6e42f99d7beeb05e
uk_office_infopath_2007_cd_x12-18901.iso,"Office InfoPath 2007 (Ukrainian)",d6a9dcedefc5d9f5cff86ae5871a4adc0b956dd5
uk_office_language_pack_2007_cd_x12-47236.iso,"Office 2007 Language Pack (Ukrainian)",199e8747952d575aa4d2bbe3fe9d45595f8b12f8
uk_office_language_pack_2010_x64_545954.exe,"Office 2010 Language Pack (x64) - (Ukrainian)",a25572e0b226aa28d9406740b1c91733fe9307c1
uk_office_language_pack_2010_x64_dvd_545921.iso,"Office 2010 Language Pack (x64) - DVD (Ukrainian)",c939d7a04caa953816a61c0f2dff9223b0b81f1e
uk_office_language_pack_2010_x86_545908.exe,"Office 2010 Language Pack (x86) - (Ukrainian)",26bc7970a1fc855f9c8e57eb499ae06f888d2967
uk_office_language_pack_2010_x86_dvd_545831.iso,"Office 2010 Language Pack (x86) - DVD (Ukrainian)",2d03bf8ab2eea0e017638597e295015d06d8ffee
uk_office_language_pack_2010_x86_x64_dvd_545843.iso,"Office 2010 Language Pack (x86 and x64) - DVD (Ukrainian)",f5ec0546d45c9e5fc8251eaadc44e1edc52a0232
uk_office_onenote_2007_cd_x12-18904.iso,"Office OneNote 2007 (Ukrainian)",654e319ce8c1a60379caf69b1dcc95e0315c2a23
uk_office_outlook_2007_cd_x12-18903.iso,"Office Outlook 2007 (Ukrainian)",378256f7cddc189350f5361612f83f2bc18e4fe6
uk_office_professional_2007_cd_x12-46644.iso,"Office Professional 2007 (Ukrainian)",122baf802e008811cd4e48c34df82cbadead7201
uk_office_professional_2007_united_states_x86_cd_481050.iso,"Office Professional 2007 (x86) - CD (Ukrainian) (United States)",0009201af364375d056cd5d2f372f7716a17db97
uk_office_professional_enterprise_edition_2003_united_states_x86_cd_489268.iso,"Office Professional Enterprise Edition 2003 (x86) - CD (Ukrainian) (United States)",4a03846e2ecdb7d11d619d56c47a5fd840bb6dc6
uk_office_professional_plus_2007_cd_x12-38709.iso,"Office Professional Plus 2007 (Ukrainian)",82f4b6c5a4d92eec326af1d7d3b28914ead9fdfe
uk_office_professional_plus_2007_united_states_x86_cd_481798.iso,"Office Professional Plus 2007 (x86) - CD (Ukrainian) (United States)",b16602aaaa4775262adb9c1faf1bbcb0280703b8
uk_office_professional_plus_2010_with_sp1_x86_x64_dvd_734698.iso,"Office Professional Plus 2010 with Service Pack 1 (x86 and x64) - DVD (Ukrainian) ",cf5121658ed4d17603d3d2a3da431d85d0c7ea47
uk_office_professional_plus_2010_x64_545914.exe,"Office Professional Plus 2010 (x64) - (Ukrainian)",77be7a426de6dffb2531c5a7e416f6753670cd9d
uk_office_professional_plus_2010_x86_545955.exe,"Office Professional Plus 2010 (x86) - (Ukrainian)",ed6bfb629f878f0095e52e75a26ba6d43e0a5172
uk_office_professional_plus_2010_x86_x64_dvd_545911.iso,"Office Professional Plus 2010 (x86 and x64) - DVD (Ukrainian)",f9e4acd2c31958f5a9c02828d1fba0cc34ec70b5
uk_office_professional_plus_2013_with_sp1_x64_dvd_3928772.iso,"Office Professional Plus 2013 with Service Pack 1 (x64) - DVD (Ukrainian)",fa84872152dfcefedaa6605eea7a7a945d73546d
uk_office_professional_plus_2013_with_sp1_x86_and_x64_dvd_3928773.iso,"Office Professional Plus 2013 with Service Pack 1 (x86 and x64) - DVD (Ukrainian)",1c0f538d2342ea8a6424240213b7dcbc6815e760
uk_office_professional_plus_2013_with_sp1_x86_dvd_3928771.iso,"Office Professional Plus 2013 with Service Pack 1 (x86) - DVD (Ukrainian)",6f048f810b14cc735ecd8f2d1215116fab5f0af4
uk_office_professional_plus_2013_x64_dvd_1382243.iso,"Office Professional Plus 2013 (x64) - DVD (Ukrainian)",fe155af72a21ac65416f8deb790c8d0a14ef84fa
uk_office_professional_plus_2013_x86_dvd_1382242.iso,"Office Professional Plus 2013 (x86) - DVD (Ukrainian)",e1eee3a95bf5e3042e37bf9c145849083353ba8c
uk_office_professional_plus_2013_x86_x64_dvd_1382648.iso,"Office Professional Plus 2013 (x86 and x64) - DVD (Ukrainian)",54a985362e77c519e9f37362b6f3ede5a5585dd6
uk_office_publisher_2007_cd_x12-18905.iso,"Office Publisher 2007 (Ukrainian)",fcc70f19627d83c94a04523ff4ecd7f7a6736585
uk_office_servers_2013_language_pack_with_service_pack_1_x64_dvd_3857550.iso,"Office Servers 2013 Language Pack with Service Pack 1 (x64) - DVD (Ukrainian)",0b5f7608ddc8cd9190c0ba981d208efcab4a42b8
uk_office_servers_2013_language_pack_x64_dvd_1487571.iso,"Office Servers 2013 Language Pack (x64) - DVD (Ukrainian)",6243a4ffcce0a3e2ca732aa14b71b59fbdfd136d
uk_office_servers_language_pack_2010_x64_545899.exe,"Office Servers 2010 Language Pack (x64) - (Ukrainian)",f535c90bcb8a29f0cc44f07515b141db8e650ddd
uk_office_servers_language_pack_2010_x64_dvd_545845.iso,"Office Servers 2010 Language Pack (x64) - DVD (Ukrainian)",5ce7a074f8b36d83a186c2c6a52ec905fdb9fb41
uk_office_standard_2007_united_states_x86_cd_481832.iso,"Office Standard 2007 (x86) - CD (Ukrainian) (United States)",8cf70530e961753db1028914a7e4f80aaacdde4e
uk_office_standard_2007_x86_cd_x12-18899.iso,"Office Standard 2007 (x86) - CD (Ukrainian)",33897077a65e169a48751c5f6fcd9cecb0e698b5
uk_office_standard_2010_with_sp1_x86_x64_dvd_733880.iso,"Office Standard 2010 with Service Pack 1 (x86 and x64) - DVD (Ukrainian) ",52cc3e27cdd29e0d3da8e1eecdd40cd7750dc53a
uk_office_standard_2010_x64_545953.exe,"Office Standard 2010 (x64) - (Ukrainian)",adb3191e8e9afd0fee517897f453d48fb19d5828
uk_office_standard_2010_x86_545852.exe,"Office Standard 2010 (x86) - (Ukrainian)",2bafdd90da3d01dc0e502dd31c97dc313f448703
uk_office_standard_2010_x86_x64_dvd_545901.iso,"Office Standard 2010 (x86 and x64) - DVD (Ukrainian)",f92ec9afe934abd20f62e3c0a79543f89d2d459d
uk_office_suite_2007_service_pack_1_x86_cd_x13-87904.iso,"Office Suite 2007 Service Pack 1 (x86) - CD (Ukrainian)",62581c99f887ac12f4089cb70429d07328410301
uk_office_ultimate_2007_dvd_x12-22269.iso,"Office Ultimate 2007 - DVD (Ukrainian)",61d8f1c13b53919066c53da2d38cff60da279615
uk_office_ultimate_2007_united_states_x86_dvd_481649.iso,"Office Ultimate 2007 (x86) - DVD (Ukrainian) (United States)",cbd2cd54fc31676276e52495c09e9a9b0d6e3541
uk_office_xp_sp3.iso,"Office XP Service Pack 3 (Ukrainian)",aac7abc01c7a1aeed7eed0cd0d4d90af58601779
uk_onenote_2010_x64_545893.exe,"OneNote 2010 (x64) - (Ukrainian)",947015007a6afa750c6c18e27061036a6ea268ce
uk_onenote_2010_x86_545957.exe,"OneNote 2010 (x86) - (Ukrainian)",8e6228dca35778b7b6adb2719cfad845b0d01409
uk_onenote_2010_x86_x64_dvd_545900.iso,"OneNote 2010 (x86 and x64) - DVD (Ukrainian)",af9d4cb86b9ac7e3456dbb86f325a66592015312
uk_onenote_2013_x64_1477159.exe,"OneNote 2013 (x64) - (Ukrainian)",c3f1c43afd8de249fb704d47eba4f284b5971b47
uk_onenote_2013_x86_1477152.exe,"OneNote 2013 (x86) - (Ukrainian)",66d92002193e242f3812f6324144f47d0a491414
uk_onenote_2013_x86_x64_dvd_1463709.iso,"OneNote 2013 (x86 and x64) - DVD (Ukrainian)",627e251f876424c338174100baf4a7015257aa4c
uk_outlook_2010_x64_545859.exe,"Outlook 2010 (x64) - (Ukrainian)",42e0b5a54266234c7a9b428fac4a6346948fbe0f
uk_outlook_2010_x86_545923.exe,"Outlook 2010 (x86) - (Ukrainian)",261f70510c5b07f35b919a5700f04730333ca75c
uk_outlook_2010_x86_x64_dvd_545902.iso,"Outlook 2010 (x86 and x64) - DVD (Ukrainian)",a0d7f0691aa7370dc59b9488c6eba66f62807ca1
uk_project_professional_2010_with_sp1_x86_x64_dvd_733330.iso,"Project Professional 2010 with Service Pack 1 (x86 and x64) - DVD (Ukrainian) ",336d902b318a72a9b16e2c31c39ba42dbc7f4c16
uk_project_professional_2010_x64_545891.exe,"Project Professional 2010 (x64) - (Ukrainian)",a6a15bfe42633813aa9ad454feb708b276314b77
uk_project_professional_2010_x86_545895.exe,"Project Professional 2010 (x86) - (Ukrainian)",4eabf72d25d63fb1fa62893d323b1e28dafe964b
uk_project_professional_2010_x86_x64_dvd_545890.iso,"Project Professional 2010 (x86 and x64) - DVD (Ukrainian)",fc97bd9592f5db5ba4947b29fec42aa922423153
uk_project_professional_2013_with_sp1_x64_3911287.exe,"Project Professional 2013 with Service Pack 1 (x64) - (Ukrainian)",130a77f5095067830787f4fcad8751cd2b06e872
uk_project_professional_2013_with_sp1_x86_3911100.exe,"Project Professional 2013 with Service Pack 1 (x86) - (Ukrainian)",a5b270090e6869c34dad24f197a1c127db72d3e4
uk_project_professional_2013_with_sp1_x86_and_x64_dvd_3911373.iso,"Project Professional 2013 with Service Pack 1 (x86 and x64) - DVD (Ukrainian)",870152f708be4f090fea507b0acf284564de88e3
uk_project_professional_2013_x64_1382268.exe,"Project Professional 2013 (x64) - (Ukrainian)",e51474bc81ec014fa91d7b009e4cca596d36ab3e
uk_project_professional_2013_x86_1382267.exe,"Project Professional 2013 (x86) - (Ukrainian) ",8b018ce78356311d3712b849b9238bdd1b58f2a6
uk_project_professional_2013_x86_x64_dvd_1382655.iso,"Project Professional 2013 (x86 and x64) - DVD (Ukrainian)",1a32e1826c96f2054d186e98839dce1e68fe9bd5
uk_project_standard_2010_with_sp1_x86_x64_dvd_733066.iso,"Project Standard 2010 with Service Pack 1 (x86 and x64) - DVD (Ukrainian) ",157d95f18590607c28b72ee75cb186df7a4eb9b6
uk_project_standard_2010_x64_545933.exe,"Project Standard 2010 (x64) - (Ukrainian)",a95fae42a0bb906e0fdc0b19374bd70b61aadc99
uk_project_standard_2010_x86_545936.exe,"Project Standard 2010 (x86) - (Ukrainian)",7131b9d30cb5370c1388283652e38ae4a35ff857
uk_project_standard_2010_x86_x64_dvd_545964.iso,"Project Standard 2010 (x86 and x64) - DVD (Ukrainian)",7e8c90c2c84111bda7195a7e1e7caa80bde9b9ac
uk_publisher_2010_x64_545962.exe,"Publisher 2010 (x64) - (Ukrainian)",2fddbe7cd603528f6db338928d70020511c3d369
uk_publisher_2010_x86_545940.exe,"Publisher 2010 (x86) - (Ukrainian)",5cf66bdf1897050a8fe91c53c40b36a39833af38
uk_publisher_2010_x86_x64_dvd_545925.iso,"Publisher 2010 (x86 and x64) - DVD (Ukrainian)",573b27fb01c2b322e34a25c59c90dba624cc9651
uk_sharepoint__workspace_2010_x86_545947.exe,"SharePoint Workspace 2010 (x86) - (Ukrainian)",ef8e4801cd982052e4a76fd1aa7d0a309e088a08
uk_sharepoint_server_2010_language_pack_with_service_pack_2_x64_4173508.exe,"SharePoint Server 2010 Language Pack with Service Pack 2 (x64) - (Ukrainian)",9e95eb9876e04dcaf57c05bab5d6d2777c65dc4e
uk_sharepoint_workspace_2010_x64__545935.exe,"SharePoint Workspace 2010 (x64) - (Ukrainian)",335b16077e62b2e25aea37cd5cd951ffae987c87
uk_sharepoint_workspace_2010_x86_x64_dvd_545934.iso,"SharePoint Workspace 2010 (x86 and x64) - DVD (Ukrainian)",a4ebedcf7ea6361f28c3a2a7fc5b150d2c0552c7
uk_ui_strings_glossary_october_2014_x86_x64_5643761.zip,"UI Strings Glossary October 2014 (x86 and x64) - (Ukrainian)",28caf955067ea812ce612a480639c960571496d5
uk_visio_2010_with_sp1_x86_x64_dvd_733290.iso,"Visio 2010 with Service Pack 1 (x86 and x64) - DVD (Ukrainian) ",c6b3297ef92aad4f5397a995da24134f3834d6cf
uk_visio_2010_x64_545942.exe,"Visio 2010 (x64) - (Ukrainian)",921b65f52dc53811cc6439711b04e902d33cbc89
uk_visio_2010_x86_545868.exe,"Visio 2010 (x86) - (Ukrainian)",f032f34f5e179a1e88f824e04fb4131685455077
uk_visio_2010_x86_x64_dvd_545938.iso,"Visio 2010 (x86 and x64) - DVD (Ukrainian)",421a3703dd7dff30981f8ffaafaf9952eee19bd2
uk_visio_professional_2013_with_sp1_x64_3915204.exe,"Visio Professional 2013 with Service Pack 1 (x64) - (Ukrainian)",e73d2c01839459a7a34a49761f1b6d9978c1e073
uk_visio_professional_2013_with_sp1_x86_3910824.exe,"Visio Professional 2013 with Service Pack 1 (x86) - (Ukrainian)",d93980c6abf9c89437198fa6fcff9261f8e4186f
uk_visio_professional_2013_with_sp1_x86_and_x64_dvd_3910929.iso,"Visio Professional 2013 with Service Pack 1 (x86 and x64) - DVD (Ukrainian)",b313eb0a87ced4985386d8dd74b520b44cae5181
uk_visio_professional_2013_x64_1382685.exe,"Visio Professional 2013 (x64) - (Ukrainian)",fa0b578779fd9c37872d3481abb8bab802ad96e7
uk_visio_professional_2013_x86_1382683.exe,"Visio Professional 2013 (x86) - (Ukrainian)",a2f7f1d424656c3081e22be4a43faf0145ba1a53
uk_visio_professional_2013_x86_x64_dvd_1382779.iso,"Visio Professional 2013 (x86 and x64) - DVD (Ukrainian)",c00755a6b43989c76e139db49e429964063bf80b
uk_windows_7_enterprise_with_sp1_x64_dvd_u_677683.iso,"Windows 7 Enterprise with Service Pack 1 (x64) - DVD (Ukrainian)",320e9cab51bf8dbf6f6b7f2e609824dcb36951d8
uk_windows_7_enterprise_with_sp1_x86_dvd_u_677712.iso,"Windows 7 Enterprise with Service Pack 1 (x86) - DVD (Ukrainian)",4f1a557280b28d60a9433510ab5cd5e5505f4ad9
uk_windows_7_enterprise_x64_dvd_x15-70725.iso,"Windows 7 Enterprise (x64) - DVD (Ukrainian) ",297f3a2f0eed935c64f4c30827583f36d989a28f
uk_windows_7_enterprise_x86_dvd_x15-70721.iso,"Windows 7 Enterprise (x86) - DVD (Ukrainian)",e71eedc658dfb5040d5b85a6ce7482dbb9687edd
uk_windows_7_home_basic_with_sp1_x86_dvd_u_676494.iso,"Windows 7 Home Basic with Service Pack 1 (x86) - DVD (Ukrainian)",4ce760ed1eddb182a4b31d070ac8fd9c0fe38933
uk_windows_7_home_basic_x86_dvd_x15-65707.iso,"Windows 7 Home Basic (x86) - DVD (Ukrainian) ",a7f05be2502de9b965f122edb7abaab12e8783eb
uk_windows_7_home_premium_with_sp1_x64_dvd_u_676684.iso,"Windows 7 Home Premium with Service Pack 1 (x64) - DVD (Ukrainian)",e423a9b9e0eb573a4f9d5f0f1eb9ffe15b62bba4
uk_windows_7_home_premium_with_sp1_x86_dvd_u_676769.iso,"Windows 7 Home Premium with Service Pack 1 (x86) - DVD (Ukrainian)",8e2a4fa96bc21db5ef40e0b8d627508c17219d14
uk_windows_7_home_premium_x64_dvd_x15-65779.iso,"Windows 7 Home Premium (x64) - DVD (Ukrainian) ",9d1a2d5a3e04d43284d2173b807903ca2d18bbbd
uk_windows_7_home_premium_x86_dvd_x15-65778.iso,"Windows 7 Home Premium (x86) - DVD (Ukrainian) ",7da36630d6e599c8b61735b345ee37f4089750b4
uk_windows_7_professional_vl_build_x64_dvd_x15-71013.iso,"Windows 7 Professional, VL Build (x64) - DVD (Ukrainian)",fe67dbcef9e6a23e31ac67358b22087805f6874c
uk_windows_7_professional_vl_build_x86_dvd_x15-71009.iso,"Windows 7 Professional, VL Build (x86) - DVD (Ukrainian)",321540c6bf77930287bd9d2a9c735d7b8444284c
uk_windows_7_professional_with_sp1_vl_build_x64_dvd_u_677811.iso,"Windows 7 Professional with Service Pack 1, VL Build (x64) - DVD (Ukrainian)",08a8e3bd7f0cb19f2d6df3c96a5da69f02f5c154
uk_windows_7_professional_with_sp1_vl_build_x86_dvd_u_677928.iso,"Windows 7 Professional with Service Pack 1, VL Build (x86) - DVD (Ukrainian)",64f373f5a43e1e72adf0313d2eff419f197846c1
uk_windows_7_professional_with_sp1_x64_dvd_u_677026.iso,"Windows 7 Professional with Service Pack 1 (x64) - DVD (Ukrainian)",7a82dccaf22a3167a35c00b0ff830d200ea74f69
uk_windows_7_professional_with_sp1_x86_dvd_u_677150.iso,"Windows 7 Professional with Service Pack 1 (x86) - DVD (Ukrainian)",e487cf409968427c4c609f90483519d6b5330aff
uk_windows_7_professional_x64_dvd_x15-65851.iso,"Windows 7 Professional (x64) - DVD (Ukrainian) ",55c802c57369f7db2144150e16c74c83007a2d34
uk_windows_7_professional_x86_dvd_x15-65850.iso,"Windows 7 Professional (x86) - DVD (Ukrainian)",f6680f7f90d0c4915f8e7b855bb1db4ebf97eea4
uk_windows_7_starter_with_sp1_x86_dvd_u_678529.iso,"Windows 7 Starter with Service Pack 1 (x86) - DVD (Ukrainian)",8a458512c667614eac0df6aee022c9ef77991aeb
uk_windows_7_starter_x86_dvd_x15-69240.iso,"Windows 7 Starter (x86) - DVD (Ukrainian)",73a59acbe4f506866ea4878eb109045a434d0e66
uk_windows_7_ultimate_with_sp1_x64_dvd_u_677406.iso,"Windows 7 Ultimate with Service Pack 1 (x64) - DVD (Ukrainian)",9fe311e57d626901e4a6205e345ebaa5ff9c2c5f
uk_windows_7_ultimate_with_sp1_x86_dvd_u_677485.iso,"Windows 7 Ultimate with Service Pack 1 (x86) - DVD (Ukrainian)",15c8de9014c9ec511878fb9bd4704a54d81a4d4f
uk_windows_7_ultimate_x64_dvd_x15-65967.iso,"Windows 7 Ultimate (x64) - DVD (Ukrainian) ",52db06892f86db2fc811feb9270615c6b0dd2048
uk_windows_7_ultimate_x86_dvd_x15-65968.iso,"Windows 7 Ultimate (x86) - DVD (Ukrainian)",e354e719e2889759f4709a5dc0193279b0361e08
uk_windows_8_1_enterprise_x64_dvd_2972110.iso,"Windows 8.1 Enterprise (x64) - DVD (Ukrainian)",fb74a770f5b2d3b6f223878535b1276053b96095
uk_windows_8_1_enterprise_x86_dvd_2972353.iso,"Windows 8.1 Enterprise (x86) - DVD (Ukrainian)",03e518dd5b7913ac32a4dd00a31d102eb25b86f7
uk_windows_8_1_pro_vl_x64_dvd_2972081.iso,"Windows 8.1 Pro VL (x64) - DVD (Ukrainian)",a7daf97cf1b5e19128b3d660ad024639d9fc721c
uk_windows_8_1_pro_vl_x86_dvd_2972681.iso,"Windows 8.1 Pro VL (x86) - DVD (Ukrainian)",cbb3c1a2b3fce6235e2b7dbe3ee2725cd0984670
uk_windows_8_1_x64_dvd_2707465.iso,"Windows 8.1 (multiple editions) (x64) - DVD (Ukrainian)",2794a17ecad7a7ba4535cec668b299d079cafc84
uk_windows_8_1_x86_dvd_2707588.iso,"Windows 8.1 (multiple editions) (x86) - DVD (Ukrainian)",28182c23f55e20de5c256d92dd1787252fe55d21
uk_windows_8_enterprise_x64_dvd_917583.iso,"Windows 8 Enterprise (x64) - DVD (Ukrainian)",b7e870e5cc8af762cd9be6b7cbef97f94502309d
uk_windows_8_enterprise_x86_dvd_917694.iso,"Windows 8 Enterprise (x86) - DVD (Ukrainian)",6349f035ff4a3fd8b728eef193781991c7062b5f
uk_windows_8_pro_vl_x64_dvd_917825.iso,"Windows 8 Pro VL (x64) - DVD (Ukrainian)",9a1b3a2dea8018c3bb99b090a0603d8ca2339153
uk_windows_8_pro_vl_x86_dvd_917737.iso,"Windows 8 Pro VL (x86) - DVD (Ukrainian)",a7623be10b9d313e2525a9bdc7b4bd61fc5ae192
uk_windows_8_x64_dvd_915443.iso,"Windows 8 (multiple editions) (x64) - DVD (Ukrainian)",df46555134302d048bd7c895ddbbd5bed812d0c3
uk_windows_8_x86_dvd_915556.iso,"Windows 8 (multiple editions) (x86) - DVD (Ukrainian)",7523e43ba59c26e0e00f1ce76b73a24c2d98f84b
uk_windows_8.1_enterprise_with_update_x64_dvd_4048742.iso,"Windows 8.1 Enterprise with Update (x64) - DVD (Ukrainian)",cc58813d9959ffdde89f76831e467f5dfe4b86f1
uk_windows_8.1_enterprise_with_update_x86_dvd_4050542.iso,"Windows 8.1 Enterprise with Update (x86) - DVD (Ukrainian)",6e5d75e98a27826bf3c496a2441a378ab7316afd
uk_windows_8.1_professional_vl_with_update_x64_dvd_4050545.iso,"Windows 8.1 Professional VL with Update (x64) - DVD (Ukrainian)",768d70c7549c726ae0e546f150a8f69875596bff
uk_windows_8.1_professional_vl_with_update_x86_dvd_4048753.iso,"Windows 8.1 Professional VL with Update (x86) - DVD (Ukrainian)",dc98fe05679741c6602fa01e5ab095fa1373cb81
uk_windows_8.1_with_update_x64_dvd_4048428.iso,"Windows 8.1 with Update (multiple editions) (x64) - DVD (Ukrainian)",31e51a565d2d5b5668ea24bd1593b73aeb00a437
uk_windows_8.1_with_update_x86_dvd_4048379.iso,"Windows 8.1 with Update (multiple editions) (x86) - DVD (Ukrainian)",c1023486a8b46a62cd4e58b13473409ea848dea6
uk_windows_embedded_8_1_industry_enterprise_x64_dvd_2710725.iso,"Windows Embedded 8.1 Industry Enterprise (x64) - DVD (Ukrainian)",c1971279662244d38792c93fe6618886b019e311
uk_windows_embedded_8_1_industry_enterprise_x86_dvd_2711002.iso,"Windows Embedded 8.1 Industry Enterprise (x86) - DVD (Ukrainian)",a9f92a20c5bab7cc7796cb5bfa04f7c636c4dbad
uk_windows_embedded_8_1_industry_pro_x64_dvd_2707431.iso,"Windows Embedded 8.1 Industry Pro (x64) - DVD (Ukrainian)",b28408d33d3a7be9aff3871f7bc6435d3c018d00
uk_windows_embedded_8_1_industry_pro_x86_dvd_2707633.iso,"Windows Embedded 8.1 Industry Pro (x86) - DVD (Ukrainian)",3a9c2fec789f4469bdd504a2022ed04555bbe3f4
uk_windows_embedded_8.1_industry_enterprise_with_update_x64_dvd_4050522.iso,"Windows Embedded 8.1 Industry Enterprise with Update (x64) - DVD (Ukrainian)",f0d5c62073f18fae6f2d4a4aef01fd8ac649ddd6
uk_windows_embedded_8.1_industry_enterprise_with_update_x86_dvd_4048738.iso,"Windows Embedded 8.1 Industry Enterprise with Update (x86) - DVD (Ukrainian)",4d2199b7fa6bfb76e7cd1199b8f7ecc5064d5912
uk_windows_embedded_8.1_industry_pro_with_update_x64_dvd_4050491.iso,"Windows Embedded 8.1 Industry Pro with Update (x64) - DVD (Ukrainian)",e32b9c2782a9ef8fc931ab9a465194a0ec7049a3
uk_windows_embedded_8.1_industry_pro_with_update_x86_dvd_4048731.iso,"Windows Embedded 8.1 Industry Pro with Update (x86) - DVD (Ukrainian)",f8dc8827b296114fd2e5ec14ce0ba9ea3c11fc94
uk_windows_vista_business_with_service_pack_1_x64_dvd_x14-56190.iso,"Windows Vista Business with Service Pack 1 VL (x64) - DVD (Ukrainian)",09571b5df41e646f791c71195bcfdd4f2e273bf5
uk_windows_vista_business_with_service_pack_1_x86_dvd_x14-56272.iso,"Windows Vista Business with Service Pack 1 VL (x86) - DVD (Ukrainian)",840650f18fa170467830201c3b1a5a4e2b71da67
uk_windows_vista_business_x64_dvd_vl_x13-22931.iso,"Windows Vista Business VL (x64) - DVD (Ukrainian)",7abd73f663d1465fb12800bef7a031cdfdb7332f
uk_windows_vista_business_x86_dvd_vl_x13-22962.iso,"Windows Vista Business VL (x86) - DVD (Ukrainian)",9d5a0dd2eb129147e7bc37586810b94f04202643
uk_windows_vista_cd1_x12-71808.iso,"Windows Vista (x86) - CD 1 (Ukrainian)",e5cda0c7adbb9f9ba0359eddb28c95ccc826ea35
uk_windows_vista_cd2_x12-71836.iso,"Windows Vista (x86) - CD 2 (Ukrainian)",8d8248245cc99b879f4e3fda760a74618c91c861
uk_windows_vista_cd3_x12-71867.iso,"Windows Vista (x86) - CD 3 (Ukrainian)",72c6c014e10402f4f397073df329d6bb482fc349
uk_windows_vista_cd4_x12-71896.iso,"Windows Vista (x86) - CD 4 (Ukrainian)",dd58bfe22cac63ad0bfa61897ff829b8c6e58554
uk_windows_vista_dvd_x12-59054.iso,"Windows Vista (x86) - DVD (Ukrainian)",9c2860827c48fe490261c72ddc058024d511e4c1
uk_windows_vista_enterprise_cd1_vl_x13-16942.iso,"Windows Vista Enterprise (x86) - CD 1 (Ukrainian)",07a9f20c80be128515247cf99e65b026724c5875
uk_windows_vista_enterprise_cd2_vl_x13-16945.iso,"Windows Vista Enterprise (x86) - CD 2 (Ukrainian)",8a3fbf00103428fc67de59c4c2a582f0c23d4469
uk_windows_vista_enterprise_cd3_vl_x13-16948.iso,"Windows Vista Enterprise (x86) - CD 3 (Ukrainian)",59c1a78b706a435cde07214cd144f9242c8f99e7
uk_windows_vista_enterprise_dvd_vl_x13-17026.iso,"Windows Vista Enterprise (x86) - DVD (Ukrainian)",38189a77950c8060e3277db2a64a690bac98a2d4
uk_windows_vista_enterprise_with_service_pack_1_x64_dvd_x14-55926.iso,"Windows Vista Enterprise with Service Pack 1 (x64) - DVD (Ukrainian)",cb7dfc97898025ce460f948cfdb24b42610e106f
uk_windows_vista_enterprise_with_service_pack_1_x86_dvd_x14-55806.iso,"Windows Vista Enterprise with Service Pack 1 (x86) - DVD (Ukrainian)",ecb02293ce6e31af8be1d0058219bb85f57beb09
uk_windows_vista_enterprise_with_sp2_x64_dvd_x15-40398.iso,"Windows Vista Enterprise with Service Pack 2 (x64) - DVD (Ukrainian)",ad311a38cd7a4df99a4aa8388733e67a03803afa
uk_windows_vista_enterprise_with_sp2_x86_dvd_x15-40253.iso,"Windows Vista Enterprise with Service Pack 2 (x86) - DVD (Ukrainian)",1617e106b736421446dcc88436d98bf0bf942d00
uk_windows_vista_enterprise_x64_dvd_vl_x13-17341.iso,"Windows Vista Enterprise (x64) - DVD (Ukrainian)",3c157bd09238a1aa7b8effa28af5d4c41879b9d0
uk_windows_vista_with_service_pack_1_x64_dvd_x14-29759.iso,"Windows Vista with Service Pack 1 (x64) - DVD (Ukrainian)",4cd4d0a19cd38ee5f160778d20eb9b79df84f251
uk_windows_vista_with_service_pack_1_x86_dvd_x14-29629.iso,"Windows Vista with Service Pack 1 (x86) - DVD (Ukrainian)",377b9e9741e4656dca9b81af5423d0741419ed34
uk_windows_vista_with_sp2_x64_dvd_x15-36376.iso,"Windows Vista with Service Pack 2 (x64) - DVD (Ukrainian)",fe63d62e8d9c62296a1eabb20124e7373884e749
uk_windows_vista_with_sp2_x86_dvd_x15-36317.iso,"Windows Vista with Service Pack 2 (x86) - DVD (Ukrainian)",cff5df9c964d7627ba99081ba5998180a0478d3e
uk_windows_vista_x64_dvd_x12-61214.iso,"Windows Vista (x64) - DVD (Ukrainian)",d0ce1a9ae2ac09a795b015acb90ac91a84413bfc
umlanguagepack.ca-es.exe,"Exchange Server 2010 Service Pack 1, Unified Messaging Language Packs (x64) - (Catalan)",e4f8fe11f571c9153216974f5ca248738e557a90
umlanguagepack.ca-es.exe,"Exchange Server 2010 Service Pack 2, Unified Messaging Language Packs (x64) - (Catalan)",46f9bffc17771990da39bbe1e550dd1c46f5b3c1
umlanguagepack.da-dk.exe,"Exchange Server 2010 Service Pack 1, Unified Messaging Language Packs (x64) - (Danish)",cca3363f4d372116dafdfc8bd2610f669aff257b
umlanguagepack.da-dk.exe,"Exchange Server 2010 Service Pack 2, Unified Messaging Language Packs (x64) - (Danish)",292440f793f134c854fc71d8b43f74c90af3f107
umlanguagepack.de-de.exe,"Exchange Server 2010 Service Pack 1, Unified Messaging Language Packs (x64) - (German)",2c64729db62f17ace1749a44703c757d5f77702f
umlanguagepack.de-de.exe,"Exchange Server 2010 Service Pack 2, Unified Messaging Language Packs (x64) - (German)",2331e633a2500cdb76c4d45412db20c02a800123
umlanguagepack.en-au.exe,"Exchange Server 2010 Service Pack 1, Unified Messaging Language Packs (x64) - (English-Australia)",357efa0bbabc357112ad5792cb021d84b694c663
umlanguagepack.en-au.exe,"Exchange Server 2010 Service Pack 2, Unified Messaging Language Packs (x64) - (English-Australia)",89c5b7e0dcc7de549e2e0cd1f0974182799c3307
umlanguagepack.en-ca.exe,"Exchange Server 2010 Service Pack 1, Unified Messaging Language Packs (x64) - (English-Canada)",af7b58e05484c059916c951e36c1ecf1405ebfbf
umlanguagepack.en-ca.exe,"Exchange Server 2010 Service Pack 2, Unified Messaging Language Packs (x64) - (English-Canada)",b6b930b0f9dca5e91a0aebaca7d07112859851fc
umlanguagepack.en-gb.exe,"Exchange Server 2010 Service Pack 1, Unified Messaging Language Packs (x64) - (English-United Kingdom)",d2553c22c82675b9ace7e5c7a8f2a1a445b8bb2d
umlanguagepack.en-gb.exe,"Exchange Server 2010 Service Pack 2, Unified Messaging Language Packs (x64) - (English-United Kingdom)",2d48acc9909f32c90c15154bec4f1e945551186c
umlanguagepack.en-in.exe,"Exchange Server 2010 Service Pack 2, Unified Messaging Language Packs (x64) - (English-India)",df582d8f58174f46eff85f237aba305d517a6684
umlanguagepack.en-us.exe,"Exchange Server 2010 Service Pack 1, Unified Messaging Language Packs (x64) - (English-United States)",cb78e60928a6bc81678cf744d631e68258ec8d56
umlanguagepack.en-us.exe,"Exchange Server 2010 Service Pack 2, Unified Messaging Language Packs (x64) - (English-United States)",632b10abbc6c891ccea6576e0e4fccbb07b328ff
umlanguagepack.es-es.exe,"Exchange Server 2010 Service Pack 1, Unified Messaging Language Packs (x64) - (Spanish-Spain)",aab82cffd8e30ccb010384bcff84a0f3c946203e
umlanguagepack.es-es.exe,"Exchange Server 2010 Service Pack 2, Unified Messaging Language Packs (x64) - (Spanish-Spain)",b11d908fcf0396e93240537025068d8219acb79f
umlanguagepack.es-mx.exe,"Exchange Server 2010 Service Pack 1, Unified Messaging Language Packs (x64) - (Spanish-Mexico)",7e2df6f7b58a47632c2d5aac1e814dc91573b530
umlanguagepack.es-mx.exe,"Exchange Server 2010 Service Pack 2, Unified Messaging Language Packs (x64) - (Spanish-Mexico)",6e496a7f293ee9e3a8b972f665a370d9c69c78ac
umlanguagepack.fi-fi.exe,"Exchange Server 2010 Service Pack 1, Unified Messaging Language Packs (x64) - (Finnish)",1ef1c55cf19a4b3332ade4e8d98753bbdb2eb672
umlanguagepack.fi-fi.exe,"Exchange Server 2010 Service Pack 2, Unified Messaging Language Packs (x64) - (Finnish)",0cef9410ad3ce62b90f019b0a29ea02703fc10fc
umlanguagepack.fr-ca.exe,"Exchange Server 2010 Service Pack 1, Unified Messaging Language Packs (x64) - (French-Canada)",13020bc9b28a1490097cf0d5cb0da25ce2edfe78
umlanguagepack.fr-ca.exe,"Exchange Server 2010 Service Pack 2, Unified Messaging Language Packs (x64) - (French-Canada)",dda4b04313126b83fd8883ad43fc0eaeb7a945e5
umlanguagepack.fr-fr.exe,"Exchange Server 2010 Service Pack 1, Unified Messaging Language Packs (x64) - (French-France)",3e6bed228618fe6a13e681cdd4b45a57298ab536
umlanguagepack.fr-fr.exe,"Exchange Server 2010 Service Pack 2, Unified Messaging Language Packs (x64) - (French-France)",2fed878b9865564468af8b6386db9824db1e0680
umlanguagepack.it-it.exe,"Exchange Server 2010 Service Pack 1, Unified Messaging Language Packs (x64) - (Italian)",6413ea69b3e428104d008a12b2bcd5caa061a2c3
umlanguagepack.it-it.exe,"Exchange Server 2010 Service Pack 2, Unified Messaging Language Packs (x64) - (Italian)",cfd69ce5af16e2d42558c449604340cf9273f058
umlanguagepack.ja-jp.exe,"Exchange Server 2010 Service Pack 1, Unified Messaging Language Packs (x64) - (Japanese)",b208abc3f98842b4b512a702299f473f68a8cbc3
umlanguagepack.ja-jp.exe,"Exchange Server 2010 Service Pack 2, Unified Messaging Language Packs (x64) - (Japanese)",b7803f0081320a970c7649b869214dfae5bb6ede
umlanguagepack.ko-kr.exe,"Exchange Server 2010 Service Pack 1, Unified Messaging Language Packs (x64) - (Korean)",bf15a4cdd535d26afe7ac24cab3f952fc101a89e
umlanguagepack.ko-kr.exe,"Exchange Server 2010 Service Pack 2, Unified Messaging Language Packs (x64) - (Korean)",fba6b408a9ecae5f1887fab33cbdf6125e0bc171
umlanguagepack.nb-no.exe,"Exchange Server 2010 Service Pack 1, Unified Messaging Language Packs (x64) - (Norwegian)",709a96a969ecaf0884166583ad8d7d8b35c0b4de
umlanguagepack.nb-no.exe,"Exchange Server 2010 Service Pack 2, Unified Messaging Language Packs (x64) - (Norwegian)",5a871522aac75010e87331a2b04160fa2d30f6a7
umlanguagepack.nl-nl.exe,"Exchange Server 2010 Service Pack 1, Unified Messaging Language Packs (x64) - (Dutch)",d83a73636254eba2ddb5ed2c0248e5d7f8ff2634
umlanguagepack.nl-nl.exe,"Exchange Server 2010 Service Pack 2, Unified Messaging Language Packs (x64) - (Dutch)",8a22e193d106fe3dfae9e85abeedd9b5f68ed7a9
umlanguagepack.pl-pl.exe,"Exchange Server 2010 Service Pack 1, Unified Messaging Language Packs (x64) - (Polish)",d00148132faa53b7ca3c711b185d144566974597
umlanguagepack.pl-pl.exe,"Exchange Server 2010 Service Pack 2, Unified Messaging Language Packs (x64) - (Polish)",6b21174a013b1a6a4055c5df34fa64b49663b0db
umlanguagepack.pt-br.exe,"Exchange Server 2010 Service Pack 1, Unified Messaging Language Packs (x64) - (Portuguese-Brazil)",56b5033cbfce88982edadcf3b26e44a699496b63
umlanguagepack.pt-br.exe,"Exchange Server 2010 Service Pack 2, Unified Messaging Language Packs (x64) - (Portuguese-Brazil)",82fe98d6298d0127470f49565bc18b5a35107760
umlanguagepack.pt-pt.exe,"Exchange Server 2010 Service Pack 1, Unified Messaging Language Packs (x64) - (Portuguese-Portugal)",139002923884c9f43ef2504331166f5084a39a17
umlanguagepack.pt-pt.exe,"Exchange Server 2010 Service Pack 2, Unified Messaging Language Packs (x64) - (Portuguese-Portugal)",34b6bad4909406007d8c48de5958ed74accc44d0
umlanguagepack.ru-ru.exe,"Exchange Server 2010 Service Pack 1, Unified Messaging Language Packs (x64) - (Russian)",c0336c272374f02fe27d2a2565a378906c926c33
umlanguagepack.ru-ru.exe,"Exchange Server 2010 Service Pack 2, Unified Messaging Language Packs (x64) - (Russian)",cf2bf4da954e6af26ec440959ac0f08cd5af3995
umlanguagepack.sv-se.exe,"Exchange Server 2010 Service Pack 1, Unified Messaging Language Packs (x64) - (Swedish)",e08893fbdc883da500d58b28d39fb84073161b83
umlanguagepack.sv-se.exe,"Exchange Server 2010 Service Pack 2, Unified Messaging Language Packs (x64) - (Swedish)",aac844acb8168bb367f1323316d332e26fead86f
umlanguagepack.zh-cn.exe,"Exchange Server 2010 Service Pack 1, Unified Messaging Language Packs (x64) - (Chinese-Simplified)",bd27a7a944e662ad8cc3357f090096ac69440a0d
umlanguagepack.zh-cn.exe,"Exchange Server 2010 Service Pack 2, Unified Messaging Language Packs (x64) - (Chinese-Simplified)",e03786d7c12da00356cd019b2233ab206be6b4bf
umlanguagepack.zh-hk.exe,"Exchange Server 2010 Service Pack 1, Unified Messaging Language Packs (x64) - (Chinese-Hong Kong SAR)",b163a8cb2bd4e19d74bc87942c71b59b2e7f168c
umlanguagepack.zh-hk.exe,"Exchange Server 2010 Service Pack 2, Unified Messaging Language Packs (x64) - (Chinese-Hong Kong SAR)",898da2095bf1eb94449f024115918508fbb14560
umlanguagepack.zh-tw.exe,"Exchange Server 2010 Service Pack 1, Unified Messaging Language Packs (x64) - (Chinese-Taiwan)",771ada7ddf11bdf331fa5b8b4f214a877d9e31cf
umlanguagepack.zh-tw.exe,"Exchange Server 2010 Service Pack 2, Unified Messaging Language Packs (x64) - (Chinese-Taiwan)",f4674bb69a8c19489ad05056e8b0a149b6454d78
unified_communications_managed_api_1.0_beta_19496.msi,"Microsoft Unified Communications Managed API v1.0 Beta (English)",59a42d4e2ea5ef3db8703dfb3005b279cebc6ad3
ur_office_2003_service_pack_3_x86.exe,"Office 2003 Service Pack 3 (x86) - (Urdu)",29792353e726e2a51c49e35beb493cea28cafef9
ur_ui_strings_glossary_october_2014_x86_x64_5643761.zip,"UI Strings Glossary October 2014 (x86 and x64) - (Urdu)",c4c2f653f71eab85d380b3752f0229cfa917fcd9
uz_ui_strings_glossary_november_2013_x86_x64_3183076.zip,"UI Strings Glossary November 2013 (x86 and x64) - (Uzbek)",70cfc47041855e477d377763cc867aaababc6b0d
uz-cyrl_ui_strings_glossary_october_2014_x86_x64_5643761.zip,"UI Strings Glossary October 2014 (x86 and x64) - (Uzbek-Cyrillic)",308e5721ecb77c7858cb22325e3c12f296ee0829
uz-latn_ui_strings_glossary_october_2014_x86_x64_5643761.zip,"UI Strings Glossary October 2014 (x86 and x64) - (Uzbek-Latin)",7e4ce10daf097c9ab206e406f8dee5d8a77d8d99
